name,sorted_name,similar_names
Donovan J. Ochs,donovan j. ochs,['']
Chronicle Books,books chronicle,['']
Frank J. Fabozzi,fabozzi frank j.,['']
Lilian Harry,harry lilian,['']
Harold L. Wade,harold l. wade,['']
Thomas H. Davenport,davenport h. thomas,['']
Naomi Wolf,naomi wolf,['']
Walter Diethelm,diethelm walter,['']
Paul Strange,paul strange,['']
Zoe Mellor,mellor zoe,['']
Tony Medina,medina tony,['']
Pierre Corneille,corneille pierre,['']
Peter O'Donnell,o'donnell peter,['']
Candelaria Zapp,candelaria zapp,['']
"John T. E. Cribb, Jr.","cribb, e. john jr. t.",['']
Anne Sinkler Whaley LeClercq,anne leclercq sinkler whaley,['']
Dianna Booher,booher dianna,['']
James O'Toole,james o'toole,['']
David Cordingly,cordingly david,['']
Lysa M. TerKeurst,lysa m. terkeurst,['']
Amanda Ashley,amanda ashley,['']
Jean M. Auel,auel jean m.,['']
Philip J. Imbrogno,imbrogno j. philip,['']
Deborah Digges,deborah digges,['']
Chagdud Tulku,chagdud tulku,['']
Roger A. Caras,a. caras roger,['']
Linda Conrad,conrad linda,['']
Jean-Michel Guesdon,guesdon jean-michel,['']
The Moth,moth the,['']
Jean Marzollo,jean marzollo,['']
P.D. James,james p.d.,['']
Masaru Emoto,emoto masaru,['']
Yana Weinstein,weinstein yana,['']
Karen Baicker,baicker karen,['']
Arthur C. Clarke,arthur c. clarke,['']
Johann Wolfgang von Goethe,goethe johann von wolfgang,['']
Sister Souljah,sister souljah,['']
Randy Petersen,petersen randy,['']
Tom Lutz,lutz tom,['']
Lewis Feldstein,feldstein lewis,['']
Dorian Hannaway,dorian hannaway,['']
Uppinder Mehan,mehan uppinder,['']
Rena Gregory,gregory rena,['']
Luis León,león luis,['']
Ben G. Sullins,ben g. sullins,['']
Graham Greene,graham greene,['']
Philip George Zimbardo,george philip zimbardo,['']
Halbert W. Hall,halbert hall w.,['']
Laurie Lawlor,laurie lawlor,['']
A. E. Waite,a. e. waite,['E. B. White']
Tom Parry,parry tom,['']
Dot Hutchison,dot hutchison,['']
Children's Bible Hour,bible children's hour,['']
Crystal Phillips,crystal phillips,['']
Nick Wood,nick wood,['']
Lyn Gardner,gardner lyn,['John Gardner']
Ambrose Bierce,ambrose bierce,['']
"Joiner Assocs., Inc. Staff","assocs., inc. joiner staff",['']
Victor J. Papanek,j. papanek victor,['Victor Papanek']
Diane Grindol,diane grindol,['']
Alan Moore,alan moore,['']
Bill Gunston,bill gunston,['']
Friedrich Engels,engels friedrich,['']
Kester Rattenbury,kester rattenbury,['']
Bill Perkins,bill perkins,['Bill Henkin']
Frederick Forsyth,forsyth frederick,['']
Ashish Jain,ashish jain,['']
Patricia Rosemoor,patricia rosemoor,['']
James Scott,james scott,['']
Shari Benstock,benstock shari,['']
Stanley Clisby Arthur,arthur clisby stanley,['Stanley C. Arthur']
Arthur Spenser Loat Farquharson,arthur farquharson loat spenser,['']
Donald S. Whitney,donald s. whitney,['']
Harry Horse,harry horse,['']
Priya Gandhi-Ganesh,gandhi-ganesh priya,['']
Marc Leeds,leeds marc,['']
Elizabeth Winthrop,elizabeth winthrop,['']
David Halberstam,david halberstam,['']
J. F. Nye,f. j. nye,['']
Kenneth Spengler,kenneth spengler,['']
Unesco. International Scientific Committee for the Drafting of a General History of Africa,a africa committee drafting for general history international of of scientific the unesco.,['']
Finola Hughes,finola hughes,['']
Matt Christopher,christopher matt,"['John Christopher, Christopher Lee, Christopher Schmitt']"
R. W. Southern,r. southern w.,['']
John Dean,dean john,['']
Didier Fassin,didier fassin,['']
Tony Buzan,buzan tony,['']
John Masterman,john masterman,['']
H. E. Bravery,bravery e. h.,['']
Mary Brown Firmage Woodward,brown firmage mary woodward,['']
Barbara Taylor Bradford,barbara bradford taylor,['']
Victor LaValle,lavalle victor,['']
Professor Department of Management Information School of Management Thomas H Davenport,davenport department h information management management of of professor school thomas,['']
Ashley Woodfolk,ashley woodfolk,['']
Jack W. Hayford,hayford jack w.,['']
William J. Notz,j. notz william,"['William C. Dietz, William I. Notz']"
Susan Hagen Nipp,hagen nipp susan,['']
Meg Wolitzer,meg wolitzer,['']
Norman Bridwell,bridwell norman,['']
Catherine O'Neill Grace,catherine grace o'neill,['']
Rupert Fike,fike rupert,['']
John Church,church john,['']
Erin Hunter,erin hunter,['']
Anthony C. Thiselton,anthony c. thiselton,['']
Kevin Stevens,kevin stevens,['']
Barbara Young,barbara young,['']
Rajaram K. Prabhudesai,k. prabhudesai rajaram,['']
Robert Neelly Bellah,bellah neelly robert,['']
Mary Catherine Bateson,bateson catherine mary,['']
George Mather,george mather,['']
Saint Augustine (of Hippo),(of augustine hippo) saint,['']
Michael Paul Rogin,michael paul rogin,['']
Mark Stephen Massa,mark massa stephen,['']
David Ruppert,david ruppert,['']
Janelle Denison,denison janelle,['']
Victoria Holt,holt victoria,['']
Gary Inrig,gary inrig,['']
Ada Fu,ada fu,['']
Beverly Lewis,beverly lewis,['']
Mike Kuniavsky,kuniavsky mike,['']
Emma Goldman,emma goldman,['']
Nataraj Nagaratnam,nagaratnam nataraj,['']
Lisa Magloff,lisa magloff,['']
T. Gertler,gertler t.,['']
Piers Anthony,anthony piers,['']
Uki Goñi,goñi uki,['']
Meg Bowles,bowles meg,['']
Clifford A. Hull,a. clifford hull,['']
Hyun Jin Kim,hyun jin kim,['']
James Colaizzi,colaizzi james,['']
Sophie Barnes,barnes sophie,['']
Lori Foster,foster lori,['']
Joseph O'Connor,joseph o'connor,['']
Tracey Cox,cox tracey,['']
Pascal Khoo Thwe,khoo pascal thwe,['']
René Verdon,rené verdon,['']
Ron Rhodes,rhodes ron,['']
Warren Adler,adler warren,['']
Joseph Allen Hynek,allen hynek joseph,['']
University Shari Benstock,benstock shari university,['']
Cristiana Pivari,cristiana pivari,['']
Ross Macdonald,macdonald ross,['']
Beth Hensperger,beth hensperger,['']
Ally Carter,ally carter,['']
Nicholas Darvas,darvas nicholas,['']
Dave Hemsath,dave hemsath,['']
Beverly LaHaye,beverly lahaye,['']
Caroline Holland,caroline holland,['']
Akira Tsumura,akira tsumura,['']
H.M. Scott,h.m. scott,['']
Louis Bayard,bayard louis,['']
Professor of Anthropology Robert Layton,anthropology layton of professor robert,['']
Salvatore Ramondino,ramondino salvatore,['']
Toby Wilkinson,toby wilkinson,['']
Meagan Spooner,meagan spooner,['']
Norman Mailer,mailer norman,['']
Peter Dickinson,dickinson peter,['']
Banksy,banksy,['']
Carolyn Rose Gimian,carolyn gimian rose,['']
David Wann,david wann,['']
Peter Occhiogrosso,occhiogrosso peter,['']
Vaidyanathan Nagarajan,nagarajan vaidyanathan,['']
Sadie Wernick Hurwitz,hurwitz sadie wernick,['']
Trisha R. Thomas,r. thomas trisha,['']
Leo Santucci,leo santucci,['']
Adam Barnes,adam barnes,['']
Elizabeth Inness-Brown,elizabeth inness-brown,['']
Washington Irving,irving washington,['']
Lauren Chattman,chattman lauren,['']
Laurie Kaplan,kaplan laurie,['']
Philip John Neimark,john neimark philip,['']
Max Blumenthal,blumenthal max,['']
Ethan Henry,ethan henry,['']
Roy Meador,meador roy,['']
Felix Maurice Hippisley Markham,felix hippisley markham maurice,['']
Miriam Lichtheim,lichtheim miriam,['']
W. Richard Stevens,richard stevens w.,['']
Ralph H. Petrucci,h. petrucci ralph,['']
Howard Rosenthal,howard rosenthal,['']
Pablo Neruda,neruda pablo,['']
Kate Kingsbury,kate kingsbury,['']
Jeffrey Karl Ochsner,jeffrey karl ochsner,['']
John Christopher,christopher john,"['Matt Christopher, Christopher Lee']"
William Lychack,lychack william,['']
Roland Barthes,barthes roland,['']
Arthur W. Pink,arthur pink w.,['']
Brandon Toropov,brandon toropov,['']
Keith Devlin,devlin keith,['']
Dr. Charles F. Boyd,boyd charles dr. f.,['']
Joseph Mitchell,joseph mitchell,['']
Alan Finger,alan finger,['']
Sungsan Tae Sŏnsa,sungsan sŏnsa tae,['']
Marty Hall,hall marty,['']
Phil D. Jones,d. jones phil,['']
Isaac Deutscher,deutscher isaac,['']
Hersh Shefrin,hersh shefrin,['']
Larry A. Nichols,a. larry nichols,['']
Courtney Reeder Jones,courtney jones reeder,['']
Paula Peters,paula peters,['']
James D. Meadows,d. james meadows,['']
Betty Crocker,betty crocker,['']
Philip Yancey,philip yancey,['']
Louis C. Burmeister,burmeister c. louis,['']
Mary Ellen Snodgrass,ellen mary snodgrass,['']
Richard Russo,richard russo,['']
Geoffrey Perret,geoffrey perret,['']
Christopher M. McDermott,christopher m. mcdermott,['']
Jay M. Pasachoff,jay m. pasachoff,['']
Sandra Jones,jones sandra,['Sadie Jones']
Tova Rabinowitz,rabinowitz tova,['']
Sadie Jones,jones sadie,['Sandra Jones']
Julie Powell,julie powell,['']
Ben Witherington,ben witherington,['']
Gary L. Holleman,gary holleman l.,['']
Seth Koven,koven seth,['']
Judy Miller,judy miller,['']
William T. Still,still t. william,['']
Katrina Kenison,katrina kenison,['']
Steven Feuerstein,feuerstein steven,['']
Lynley Dodd,dodd lynley,['']
Jean Calvin,calvin jean,['John Calvin']
Kevin J. Vanhoozer,j. kevin vanhoozer,['']
Willa Cather,cather willa,['']
Robert Eustace,eustace robert,['']
RICK MORGAN,morgan rick,['']
Stephen W. Green,green stephen w.,['']
David Poyer,david poyer,['']
Italo Svevo,italo svevo,['']
"Amos Professor of the New Testament for Doctoral Studies Ben Witherington, III III","amos ben doctoral for iii iii new of professor studies testament the witherington,",['']
Bruce R. Hopkins,bruce hopkins r.,['']
 Nikolai Gogol,gogol nikolai,['']
Chitra Banerjee Divakaruni,banerjee chitra divakaruni,['']
Mordecai Richler,mordecai richler,['']
"DK Publishing, Inc","dk inc publishing,",['']
Darius M Rejali,darius m rejali,['']
William Lynwood Montell,lynwood montell william,['']
Jodi Lynn Anderson,anderson jodi lynn,['']
Who HQ,hq who,['']
Richard Chace Tolman,chace richard tolman,['']
Andrea Cagan,andrea cagan,['']
Thomas Mann,mann thomas,['Thomas Paine']
Robert D. Putnam,d. putnam robert,['']
Jane Goodall,goodall jane,['']
Robertson Davies,davies robertson,['']
Frank Wedekind,frank wedekind,['']
Raymond J. Carroll,carroll j. raymond,['']
Edward Morgan Forster,edward forster morgan,['']
Robert Harbin,harbin robert,['Robert Harbison']
Andrew Ward,andrew ward,['']
Anaïs Nin,anaïs nin,['']
Pat Jordan,jordan pat,['']
T. S. Wiley,s. t. wiley,['']
comte de Lautréamont,comte de lautréamont,['']
A. T. Robertson,a. robertson t.,['']
Randall Arthur,arthur randall,['']
Emily Sullivan,emily sullivan,['']
Rita Herron,herron rita,['']
Bertrand Russell,bertrand russell,['']
Brian Frederiksen,brian frederiksen,['']
Reginald Snell,reginald snell,['']
Eoin Colfer,colfer eoin,['']
Ricardo Calado,calado ricardo,['']
Emily Carr,carr emily,['']
John S. Goodall,goodall john s.,['']
Karen Wiesner,karen wiesner,['']
Vladimir Nabokov,nabokov vladimir,['']
Michael H. Weber,h. michael weber,['']
Cheryl Rogers,cheryl rogers,['']
Gabriel Biderman,biderman gabriel,['']
John J. Collins,collins j. john,['']
William H. Hylton,h. hylton william,['']
Wilhelm Grimm,grimm wilhelm,['']
Eliane Whitehouse,eliane whitehouse,['']
Robert Arp,arp robert,['']
Ann Rinaldi,ann rinaldi,['']
Claudia Mitchell,claudia mitchell,['']
Bill Watterson,bill watterson,['']
Gilbert White,gilbert white,['']
Marsha Norman,marsha norman,['']
David Remnick,david remnick,['']
Richard Ellmann,ellmann richard,['']
Pieter Aspe,aspe pieter,['']
Andrew Sun,andrew sun,['']
Maurice Joyant,joyant maurice,['']
Georges Perec,georges perec,['']
Jeffry D. Madura,d. jeffry madura,['']
Clement Moore,clement moore,['']
Michael Shapiro,michael shapiro,['']
Jan Chozen Bays,bays chozen jan,['']
José Hernández,hernández josé,['']
Ned Friary,friary ned,['']
Jennifer Niederst,jennifer niederst,['']
John W. Barker,barker john w.,['']
Barbara Kingsolver,barbara kingsolver,['']
Gregory A. Boyd,a. boyd gregory,['']
Harvey Cox,cox harvey,['']
"L. E. Modesitt, Jr.","e. jr. l. modesitt,",['']
Shūsaku Endō,endō shūsaku,['']
Marjorie Garber,garber marjorie,['Marjorie Calvert']
John J. Fialka,fialka j. john,['']
William C. Dietz,c. dietz william,"['William J. Notz, William I. Notz']"
Lee Smith,lee smith,['']
Gilbert Hernandez,gilbert hernandez,['']
Barbara McKinney,barbara mckinney,['Barbara McEnerney']
Robert Frost,frost robert,['']
Jake Coburn,coburn jake,['']
Michael Innes,innes michael,['']
William W. Fisher III,fisher iii w. william,['']
O. Henry,henry o.,['']
Anirban Mahapatra,anirban mahapatra,['']
Bernard J. Nebel,bernard j. nebel,['']
Gordon J. Wenham,gordon j. wenham,['']
Jerry Baker,baker jerry,['']
James A. Herrick,a. herrick james,['']
Dan Campanelli,campanelli dan,['']
Kayode J. Fakinlede,fakinlede j. kayode,['']
James Clavell,clavell james,['']
Walter Wick,walter wick,['']
Robert Silverberg,robert silverberg,['']
Karl Jaspers,jaspers karl,['']
T. J. Marsh,j. marsh t.,['']
Scott Edelstein,edelstein scott,['']
Jean Vanier,jean vanier,['']
Andrew Watson,andrew watson,['']
Janet Mills,janet mills,['']
Jeffery Deaver,deaver jeffery,['']
Jaroslav Hašek,hašek jaroslav,['']
Douglas Massey,douglas massey,['']
DK,dk,['']
William Trevor,trevor william,['']
Ann B. Butler,ann b. butler,['']
Rick Riordan,rick riordan,['']
Linda Wooldridge,linda wooldridge,['Mike Wooldridge']
Sue Spielman,spielman sue,['']
Nawāl Saʻdāwī,nawāl saʻdāwī,['']
Lorenzo Carcaterra,carcaterra lorenzo,['']
Bryanna Clark Grogan,bryanna clark grogan,['']
Morgan Leigh,leigh morgan,['']
Emilio Segrè,emilio segrè,['']
Richard T. Wright,richard t. wright,['']
Barry Tarshis,barry tarshis,['']
Mary-Elaine Jacobsen,jacobsen mary-elaine,['']
George Dangerfield,dangerfield george,['']
Ian Billinghurst,billinghurst ian,['']
"Lewis, Sinclair","lewis, sinclair",['']
Grace Slick,grace slick,['']
Tim LaHaye,lahaye tim,['Tim F. LaHaye']
Joe Amaral,amaral joe,['']
Robert J. Banks,banks j. robert,['']
Curt Gentry,curt gentry,['']
Michael Steinberg,michael steinberg,['']
Peter Selz,peter selz,['']
Michel Baudin,baudin michel,['']
John Creasey,creasey john,['John Crowley']
General Press,general press,['']
Elton John,elton john,['']
Henry Kane,henry kane,['']
David Wilkerson,david wilkerson,['']
David J. Griffiths,david griffiths j.,['']
Roy Henry Vickers,henry roy vickers,['']
Earl Lovelace,earl lovelace,['']
Barbara W. Ellis,barbara ellis w.,['']
E. L. Dereniak,dereniak e. l.,['']
Derek Mckay,derek mckay,['']
Steve Vinoski,steve vinoski,['']
Ivan Sergeevich Turgenev,ivan sergeevich turgenev,['']
Melvin L. Rogers,l. melvin rogers,['']
John De Graaf,de graaf john,['']
Paul G. Halpern,g. halpern paul,['']
Bill Henkin,bill henkin,['Bill Perkins']
Edward McKendree Bounds,bounds edward mckendree,['']
Sally Jenkins,jenkins sally,['']
Laura Doyle,doyle laura,['']
Bonita Slunder,bonita slunder,['']
Janet M. Goodwin,goodwin janet m.,['']
Robert Goddard,goddard robert,['']
William Bradford,bradford william,['William Crawford']
Jonathan Kellerman,jonathan kellerman,['']
John A. Keel,a. john keel,['']
Dilip K. Das,das dilip k.,['']
William D. Middleton,d. middleton william,['']
Giuliana Cavallini,cavallini giuliana,['']
Chester Himes,chester himes,['']
Mechthild (of Magdeburg),(of magdeburg) mechthild,['']
Dan H. Laurence,dan h. laurence,['D. H. Lawrence']
RAJU SETHURAMAN,raju sethuraman,['']
Laura Joffe Numeroff,joffe laura numeroff,['']
Euclid,euclid,['']
Erik Olson,erik olson,['']
Nella Bielski,bielski nella,['']
Taylor Morrison,morrison taylor,['']
George Plimpton,george plimpton,['']
George M. Fredrickson,fredrickson george m.,['']
David St. Lawrence,david lawrence st.,['']
J. Scott Duvall,duvall j. scott,['']
Marianne Celce-Murcia,celce-murcia marianne,['']
Michael Daehn,daehn michael,['']
Shawn Kennedy,kennedy shawn,['']
Carolyn Keene,carolyn keene,['']
Swami Ajaya,ajaya swami,['']
Irene Ramalho Santos,irene ramalho santos,['']
Tudor O. Bompa,bompa o. tudor,['']
Starhawk,starhawk,['']
Gerald W. Buetow,buetow gerald w.,['']
John Magee,john magee,['John Mace']
Wes Howard-Brook,howard-brook wes,['']
John Gray Landels,gray john landels,['']
Mary S. Lovell,lovell mary s.,['']
William J. Bennett,bennett j. william,['']
R. A. Torrey,a. r. torrey,['']
J. Wayne Fears,fears j. wayne,['']
Tom Christiansen,christiansen tom,['']
Andrew Schneider,andrew schneider,['']
Geoff Waite,geoff waite,['']
Patrick O'Kelley,o'kelley patrick,['']
Simon Howard,howard simon,['Jim Howard']
Kyriacos C. Markides,c. kyriacos markides,['']
William A. M.D. Fintel,a. fintel m.d. william,['']
Jennifer Ward,jennifer ward,['']
James Strong,james strong,['']
Nancy Gift,gift nancy,['']
Simon Winchester,simon winchester,['']
Kristine Stiles,kristine stiles,['']
Leonard A. Stefanski,a. leonard stefanski,['']
Christopher Paolini,christopher paolini,['Christopher Phillips']
Philip K. Dick,dick k. philip,['']
David Bromwich,bromwich david,['']
Karen Erickson,erickson karen,['']
Robert Hutchinson,hutchinson robert,['']
Donald R. Bamer,bamer donald r.,['Donald Bamer']
Konstantin Gavrilenko,gavrilenko konstantin,['']
William Sabin,sabin william,['']
Stephanie Laurens,laurens stephanie,['Stephanie Lyness']
Alexander Hamilton,alexander hamilton,['']
Joel Best,best joel,['']
Scholastic Inc.,inc. scholastic,['']
Poul Anderson,anderson poul,['']
Sue Bender,bender sue,['']
Judith Riggle,judith riggle,['']
Barbara Erskine,barbara erskine,['']
Robert Anson Heinlein,anson heinlein robert,['Robert A. Heinlein']
Kerry Patterson,kerry patterson,['']
Jesse Stuart,jesse stuart,['']
Mary Daheim,daheim mary,['']
Robert E. Bieder,bieder e. robert,['']
Oliver Stone,oliver stone,['']
Edward Lear,edward lear,['']
Elaine Costello,costello elaine,['']
Riemer Roukema,riemer roukema,['']
Paul Mariani,mariani paul,['']
Marcus Aurelius (Roman emperor),(roman aurelius emperor) marcus,['']
Stéphane Ducasse,ducasse stéphane,['']
Octavia E. Butler,butler e. octavia,['']
Silver RavenWolf,ravenwolf silver,['']
Stormie Omartian,omartian stormie,['']
James Patterson,james patterson,['James T. Patterson']
Willard N. Ander,ander n. willard,['']
Philippe Kruchten,kruchten philippe,['']
Frederick Douglass,douglass frederick,['']
John D. MacDonald,d. john macdonald,['']
Chris Rich,chris rich,['']
Abraham Cahan,abraham cahan,['']
Katherine Mayo,katherine mayo,['']
Gregory Georges,georges gregory,['']
Sarina Singh,sarina singh,['']
Janette Rallison,janette rallison,['']
Marco Pistoia,marco pistoia,['']
John Dewey,dewey john,['']
Dale Wasserman,dale wasserman,['']
Kathy Mackel,kathy mackel,['']
Elizabeth George Speare,elizabeth george speare,['']
Henry James,henry james,['']
Nathalie Pagie,nathalie pagie,['']
Robert D. Edwards,d. edwards robert,['']
Amelia Atwater-Rhodes,amelia atwater-rhodes,['']
Nancy Holder,holder nancy,['']
William Bridges,bridges william,['']
D Martyn Lloyd-Jones,d lloyd-jones martyn,['']
Patrick Süskind,patrick süskind,['']
Madeleine A. Polland,a. madeleine polland,['']
Joe Kraynak,joe kraynak,['']
Gardner Dozois,dozois gardner,['']
Eric Newby,eric newby,['']
Stanley Morison,morison stanley,['']
S. J. Simon,j. s. simon,['']
Brent Eric Anderson,anderson brent eric,['']
Brian H. Jones,brian h. jones,['']
Nick Galifianakis,galifianakis nick,['']
James Huneker,huneker james,['']
Charles Manson,charles manson,['']
April J. Wells,april j. wells,['']
Katharine Holabird,holabird katharine,['']
Bob Pratt,bob pratt,['']
Laurens Van Der Post,der laurens post van,['']
Nigel Tranter,nigel tranter,['']
Kim Harrison,harrison kim,['']
Marie Bradby,bradby marie,['']
A. J. Finn,a. finn j.,['']
Karel Capek,capek karel,['']
G. Moxley Sorrel,g. moxley sorrel,['']
William Golding,golding william,['']
Arthur Robbins,arthur robbins,['']
Lenya Heitzig,heitzig lenya,['']
Ellis Peters,ellis peters,['']
Jim Fay,fay jim,['']
Vladimir Bogdanov,bogdanov vladimir,['']
Tara Calishain,calishain tara,['']
Susumu Nagara,nagara susumu,['']
Virginia B. Rady,b. rady virginia,['']
P.F. Chisholm,chisholm p.f.,['']
Roland Herbert Bainton,bainton herbert roland,['']
Herman Zapp,herman zapp,['']
Johannes Itten,itten johannes,['']
Erin McCarthy,erin mccarthy,['Ed McCarthy']
Sally L. Duncan,duncan l. sally,['']
Cody Lundin,cody lundin,['']
Ann Richards,ann richards,['Kel Richards']
Albert Einstein,albert einstein,['']
G. Jeanne Wilcox,g. jeanne wilcox,['']
Stephen P. Robbins,p. robbins stephen,['']
Barbara D. Miller,barbara d. miller,['']
John W. Bowers,bowers john w.,['']
Elaine B. Johnson,b. elaine johnson,['']
Charlotte Perkins Gilman,charlotte gilman perkins,['']
Arthur Charles Clarke,arthur charles clarke,['']
Molly Stevens,molly stevens,['']
Bruce Brooks,brooks bruce,['']
H. V. Morton,h. morton v.,['']
Ira Glass,glass ira,['']
Ken Follett,follett ken,['']
Frederik L. Schodt,frederik l. schodt,['']
Alex Lluch,alex lluch,['']
Lynn Austin,austin lynn,['']
Stewart Gardiner,gardiner stewart,['']
Robert Farrar Capon,capon farrar robert,['']
Stephen Shore,shore stephen,['']
Ed Ferrell,ed ferrell,['']
Mary Torjussen,mary torjussen,['']
Caryl Brahms,brahms caryl,['']
Rochelle Alers,alers rochelle,['']
Melinda Blanchard,blanchard melinda,['']
Louis Reichenthal Gottschalk,gottschalk louis reichenthal,['']
Theodore Dreiser,dreiser theodore,['']
Robert Scott,robert scott,['']
William Stanley Merwin,merwin stanley william,['']
Katherine Dreyer,dreyer katherine,['']
John Sherrill,john sherrill,['']
Alan Watts,alan watts,['']
Zsolt Hunyadi,hunyadi zsolt,['']
Zak Bagans,bagans zak,['']
John Ortberg,john ortberg,['']
J Gordon Melton,gordon j melton,['']
Joan Pagano,joan pagano,['']
Barry W. Holtz,barry holtz w.,['']
Patricia Rich,patricia rich,['']
Greg Walz-Chojnacki,greg walz-chojnacki,['']
Ken Keyes,ken keyes,['']
Mary Wollstonecraft,mary wollstonecraft,['']
Molly Gloss,gloss molly,['']
Jessica Abel,abel jessica,['']
Linda Horning,horning linda,['']
Lippincott Williams & Wilkins,& lippincott wilkins williams,['']
Ron McMillan,mcmillan ron,['']
Robert T Reilly,reilly robert t,['']
Paul D. Pion,d. paul pion,['']
John Reed,john reed,['']
Walter Greiner,greiner walter,['']
Jane Solomon,jane solomon,['']
Elle Kennedy,elle kennedy,['']
Robert Wolgemuth,robert wolgemuth,['']
Sandra Tabatha Cicero,cicero sandra tabatha,['']
Jerome Doolittle,doolittle jerome,['']
Robert Crais,crais robert,['']
Jan Berenstain,berenstain jan,['Stan Berenstain']
Scott Rae,rae scott,['']
G. E. Fogg,e. fogg g.,['']
Richard Newirth,newirth richard,['']
G.M. Trevelyan,g.m. trevelyan,['']
Louis L'Amour,l'amour louis,['']
Carlos Castaneda,carlos castaneda,['']
Lauren St John,john lauren st,['']
Leslie Barringer,barringer leslie,['']
Raymond Chandler,chandler raymond,['']
James Tully,james tully,['']
Larry Chiagouris,chiagouris larry,['']
Francis A. Davis,a. davis francis,['']
Michelle West,michelle west,['']
Mark B. Whipple,b. mark whipple,['']
Harry Turtledove,harry turtledove,['']
David Yonggi Cho,cho david yonggi,['']
Helyette Geman,geman helyette,['']
John Grisham,grisham john,['']
Rebecca Stott,rebecca stott,['']
K. M. Elisabeth Murray,elisabeth k. m. murray,['']
H. Rider Haggard,h. haggard rider,['']
"Jeffrey Wilbert, Ph.D.","jeffrey ph.d. wilbert,",['']
Chris Woodstra,chris woodstra,['']
Sophocles,sophocles,['']
James Young,james young,['']
Bodie Thoene,bodie thoene,['']
John Galsworthy,galsworthy john,['']
Michael Scriven,michael scriven,['']
Steven Louis Shelley,louis shelley steven,['']
Peter Prichard,peter prichard,['']
"Sarah J. Buckley, M.D.","buckley, j. m.d. sarah",['']
Larry Garrison,garrison larry,['']
Lonely Planet,lonely planet,['']
Darrell F. Schroeter,darrell f. schroeter,['']
Ronald Hutton,hutton ronald,['']
Bryan Garner,bryan garner,['']
Kenneth Barclay,barclay kenneth,['']
David N. Thomas,david n. thomas,['']
Oz Shy,oz shy,['']
Piri Thomas,piri thomas,['Thomas Paine']
Jimmy Carter,carter jimmy,['']
David Gemmell,david gemmell,['']
Eric Stover,eric stover,['']
Margaret Read MacDonald,macdonald margaret read,['']
Elizabeth Macneal,elizabeth macneal,['']
Conor Cruise O'Brien,conor cruise o'brien,['']
Sonny Barger,barger sonny,['']
Larry Koved,koved larry,['']
Donald Wyman,donald wyman,['']
Kevin Phillips,kevin phillips,['']
David Weber,david weber,['']
Martha Sonntag Bradley,bradley martha sonntag,['']
Edwin Fuller Torrey,edwin fuller torrey,['']
Clare Grundman,clare grundman,['']
Ben M. Baglio,baglio ben m.,['']
Kristen Beyer,beyer kristen,['']
Tony Earley,earley tony,['']
Alma Flor Ada,ada alma flor,['']
Paul G. Hiebert,g. hiebert paul,['']
"Robert W. Veryzer, Jr.","jr. robert veryzer, w.",['']
Peter Straub,peter straub,['']
Erich Fromm,erich fromm,['']
Pat Warner,pat warner,['']
William P. Spence,p. spence william,['']
Susan Wise Bauer,bauer susan wise,['']
Alan Schreck,alan schreck,['']
Linda Lamb,lamb linda,['']
Joe Layden,joe layden,['']
Elizabeth Sherrill,elizabeth sherrill,['']
Linda Nagata,linda nagata,['']
Nancy Caldwell Sorel,caldwell nancy sorel,['']
Hendrik Willem van Loon,hendrik loon van willem,['']
Jim Williams,jim williams,['Tom Williams']
Helen Waddell,helen waddell,['']
Robert Hans van Gulik,gulik hans robert van,['Robert van Gulik']
"Various Authors,","authors, various",['']
Jerry Stahl,jerry stahl,['']
Jeffrey S. Kargel,jeffrey kargel s.,['']
Ann Navarro,ann navarro,['']
Melody Beattie,beattie melody,['']
Thomas Paine,paine thomas,"['Thomas Mann, Piri Thomas']"
Sinclair B. Ferguson,b. ferguson sinclair,['']
Brenton White,brenton white,['']
Johannes Fink,fink johannes,['']
Herbert Spencer Zim,herbert spencer zim,['']
Donna M. Brinton,brinton donna m.,['']
Jax Peters Lowell,jax lowell peters,['']
Michael Knight,knight michael,['']
Marianne Curley,curley marianne,['']
Montesquieu,montesquieu,['']
Edward L. Deci,deci edward l.,['']
Mike Casey,casey mike,['Mike Carey']
Jack Brennan,brennan jack,['']
Nevil Shute,nevil shute,['']
Aaron Allston,aaron allston,['']
Marshall B. Davidson,b. davidson marshall,['']
John W. Conlee,conlee john w.,['']
Louis Gottschalk,gottschalk louis,['']
Karen Hawkins,hawkins karen,['']
Walter B. Shurden,b. shurden walter,['']
Jodi Brookins-Fisher,brookins-fisher jodi,['']
J. W. Rinzler,j. rinzler w.,['']
Margaret Mitchell,margaret mitchell,['']
Richard Overy,overy richard,['Richard Boyer']
Emily Teeter,emily teeter,['']
Jason Hunter,hunter jason,['']
Gary Turner,gary turner,['']
John Feinstein,feinstein john,['']
Hollace Davids,davids hollace,['']
Philippa Gregory,gregory philippa,['']
Brian Tacang,brian tacang,['']
Bill J. Leonard,bill j. leonard,['']
Judy Schachner,judy schachner,['']
Betty Rice,betty rice,['']
Audrey J. Dorofee,audrey dorofee j.,['']
Francis Reddy,francis reddy,['']
R. Gregory Christie,christie gregory r.,['']
Cecil Scott Forester,cecil forester scott,['']
John Douglas,douglas john,['']
Julie Hecht,hecht julie,['']
Edward Abbey,abbey edward,['Edward Allen']
Richard Courant,courant richard,['']
Fred E. C. Culick,c. culick e. fred,['']
Wilhelm Museler,museler wilhelm,['']
Timothy Brush,brush timothy,['']
Christopher H. Scholz,christopher h. scholz,['']
Akane Kazuki,akane kazuki,['']
Paul D. Kyle,d. kyle paul,['']
Elizabeth Fox-Genovese,elizabeth fox-genovese,['']
Bernard Lubin,bernard lubin,['']
Henry Fielding,fielding henry,['']
Iain Stewart,iain stewart,['']
Mary Kay Carson,carson kay mary,['']
Pope John Paul II,ii john paul pope,['']
Kate Huntington,huntington kate,['']
Andria Cardarelle,andria cardarelle,['']
Damien Bona,bona damien,['']
Tom Brody,brody tom,['']
H. Lovecraft,h. lovecraft,['']
Anita Abriel,abriel anita,['']
Yung-kuo Lim,lim yung-kuo,['']
Paul Boyer,boyer paul,['']
Eric Burns,burns eric,['']
William Least Heat Moon,heat least moon william,['']
Arianna Huffington,arianna huffington,['']
Dale Brown,brown dale,['Dan Brown']
Tim Gautreaux,gautreaux tim,['']
Peter K. Kaiser,k. kaiser peter,['']
Rosamunde Pilcher,pilcher rosamunde,['']
Penny Pierce Rose,penny pierce rose,['']
Margaret Laurence,laurence margaret,['']
R.J. Palacio,palacio r.j.,['']
Alfred C. Mierzejewski,alfred c. mierzejewski,['']
Susan Burton,burton susan,['']
Elizabeth J. Winters Waite,elizabeth j. waite winters,['']
NutriBase,nutribase,['']
Aharon Apelfeld,aharon apelfeld,['']
Susan Fletcher,fletcher susan,['']
Paul Wolfe,paul wolfe,['']
James T. Patterson,james patterson t.,['James Patterson']
John V. Dennis,dennis john v.,['']
Martha Nussbaum,martha nussbaum,['']
Kimberly Kirberger,kimberly kirberger,['']
Joyce Lee Wong,joyce lee wong,['']
G. D. Boreman,boreman d. g.,['']
Michael Garland,garland michael,['']
Vincent Bugliosi,bugliosi vincent,['']
Norma J. Milanovich,j. milanovich norma,['']
J. P. Carter,carter j. p.,['']
Martha Mitchell,martha mitchell,['']
Andrew Murray,andrew murray,['']
Bell Irvin Wiley,bell irvin wiley,['']
Edgar Rice Burroughs,burroughs edgar rice,['']
Sandro Meallet,meallet sandro,['']
Tina Stevens,stevens tina,['']
Peter Kuznick,kuznick peter,['']
Kent Sharkey,kent sharkey,['']
Roger Tory Peterson,peterson roger tory,['']
Joseph Nassise,joseph nassise,['']
Elliotte Rusty Harold,elliotte harold rusty,['']
Kim W. Stallwood,kim stallwood w.,['']
Sandra Dallas,dallas sandra,['']
LaUna Huffines,huffines launa,['']
Amy Wallace,amy wallace,['']
Gerald Hirigoyen,gerald hirigoyen,['']
Barton J. Goldenberg,barton goldenberg j.,['']
Miriam Gurko,gurko miriam,['']
Gregg Braden,braden gregg,['']
Raymond George Siemens,george raymond siemens,['']
Jerry Kovarsky,jerry kovarsky,['']
Jean Anyon,anyon jean,['']
Glenn Meade,glenn meade,['']
Jim DeFelice,defelice jim,['']
David P. Schulz,david p. schulz,['']
Norbert Wiener,norbert wiener,['']
Gunther E. Rothenberg,e. gunther rothenberg,['']
Isabel Allende,allende isabel,['']
Conrad Richter,conrad richter,['']
Stu Maschwitz,maschwitz stu,['']
Layne Cameron,cameron layne,['']
Mark Crispin Miller,crispin mark miller,['']
Arthur W. Upfield,arthur upfield w.,['']
William Alexander Percy,alexander percy william,['']
Jim Howard,howard jim,['Simon Howard']
Tom D. Crouch,crouch d. tom,['']
Andreas Ebert,andreas ebert,['']
Tracy Barr,barr tracy,['']
Ludwig Wittgenstein,ludwig wittgenstein,['']
Chadwick Hansen,chadwick hansen,['']
Alexandra Parma Cook,alexandra cook parma,['']
Jim Brosnan,brosnan jim,['']
Mike Johnson,johnson mike,['']
James Noble,james noble,['']
Bruce S. Feiler,bruce feiler s.,['']
Gary Marchionini,gary marchionini,['']
David Moorman,david moorman,['']
Susie Johns,johns susie,['']
Michael Parenti,michael parenti,['']
Elinore Pruitt Stewart,elinore pruitt stewart,['']
Matthew Brzezinski,brzezinski matthew,['']
Francine LaSala,francine lasala,['']
Stephen A. Rago,a. rago stephen,['']
Pamela Paul,pamela paul,['']
Isaac Asimov,asimov isaac,['']
Dorothy Baker,baker dorothy,['']
Devon Mack Wild,devon mack wild,['']
G. Kylene Beers,beers g. kylene,['']
E. R. Davies,davies e. r.,['T.D. Davies']
Gentry Lee,gentry lee,['Lynne Gentry']
Ellen Edwards Kennedy,edwards ellen kennedy,['']
Thomas Sowell,sowell thomas,['']
Aleksandr Sergeevich Pushkin,aleksandr pushkin sergeevich,['']
Meg Belviso,belviso meg,['']
Lewis Carroll,carroll lewis,['']
Dorion Sagan,dorion sagan,['']
Rachel Ward,rachel ward,['']
Sylvia Abraham,abraham sylvia,['']
Ed Greenwood,ed greenwood,['']
Digby Diehl,diehl digby,['']
Ruth Nichols,nichols ruth,['']
Karen Armstrong,armstrong karen,['']
Daniel Goleman,daniel goleman,['']
Dave Freer,dave freer,['']
Jim Sukach,jim sukach,['']
Brian Sweet,brian sweet,['']
D. Anne Love,anne d. love,['']
Darren Shan,darren shan,['']
Robert Keppel,keppel robert,['']
Susan J. Douglas,douglas j. susan,['']
Ben Penglase,ben penglase,['']
Antonio Mendez,antonio mendez,['']
Carey Bissonnette,bissonnette carey,['']
Dr. Frederic W. Bush,bush dr. frederic w.,['']
Noble David Cook,cook david noble,['']
Sir Arthur Conan Doyle,arthur conan doyle sir,['Arthur Conan Doyle']
Scott Mueller,mueller scott,['']
Andrew Harvey,andrew harvey,['']
Deborah Smith,deborah smith,['']
Marco Polo,marco polo,['']
C. LAKSHAMANA RAO,c. lakshamana rao,['']
Scott Adams,adams scott,['']
Dana Lee Robert,dana lee robert,['']
George Orwell,george orwell,"[""George O'Neill""]"
Jenifer Hixson,hixson jenifer,['']
Norman A. Fox,a. fox norman,['']
Eve Adamson,adamson eve,['']
Mark Paytress,mark paytress,['']
Paul Chafe,chafe paul,['']
Cynthia Lord,cynthia lord,['']
Cynthia Rylant,cynthia rylant,['']
Robert Harbison,harbison robert,['Robert Harbin']
Harshad Oak,harshad oak,['']
Kathryn Springer,kathryn springer,['']
Robert Michael Ballantyne,ballantyne michael robert,['']
Rikky Rooksby,rikky rooksby,['']
Diane Wood Middlebrook,diane middlebrook wood,['']
Lynn Margulis,lynn margulis,['']
Paul Berman,berman paul,['']
Susan Carroll,carroll susan,['']
Barbara Kellerman,barbara kellerman,['']
Sara Wheeler,sara wheeler,['']
James Dodson,dodson james,['']
John Jay,jay john,['']
Tamra Andrews,andrews tamra,['']
Kevin Raub,kevin raub,['']
Editors of Cooking Light Magazine,cooking editors light magazine of,['']
Bailey Cates,bailey cates,['']
Linda Ashman,ashman linda,['']
Edward M. Coffman,coffman edward m.,['']
John Steinbeck,john steinbeck,['']
Laurie Cabot,cabot laurie,['']
Robert J. Morgan,j. morgan robert,"['Robert C. Merton, Robert Jordan']"
Erwin W. Lutzer,erwin lutzer w.,['']
Charles C. Mann,c. charles mann,['']
Joseph Bruchac,bruchac joseph,['']
George Lucas,george lucas,['']
Peter Alilunas,alilunas peter,['']
Sandra Benitez,benitez sandra,['']
David Bouchard,bouchard david,['']
Pauline Campanelli,campanelli pauline,['']
Sherryl Woods,sherryl woods,['']
Anita Pratap,anita pratap,['']
Human Rights Watch (Organization),(organization) human rights watch,['']
Henry Hazlitt,hazlitt henry,['']
Alice Walker,alice walker,['']
Gary Laderman,gary laderman,['']
George Wetzel,george wetzel,['']
Jody Vasquez,jody vasquez,['']
Isadora Tattlin,isadora tattlin,['']
Eleanor Druse,druse eleanor,['']
Stephen Finlan,finlan stephen,['']
Thomas Hardy,hardy thomas,['']
Jo-Ann Mapson,jo-ann mapson,['']
Richard M. Ryan,m. richard ryan,['']
J. Daniel Hays,daniel hays j.,['']
T. Harv Eker,eker harv t.,['']
Glenda Bendure,bendure glenda,['']
Hector Levesque,hector levesque,['']
Mel Silberman,mel silberman,['Al Silverman']
Christopher Buckley,buckley christopher,['']
Michi Henning,henning michi,['']
L. J. Andrew Villalon,andrew j. l. villalon,['']
Duncan Mackenzie,duncan mackenzie,['']
Ethel C. Brill,brill c. ethel,['']
Melissa Senate,melissa senate,['']
Christopher Lee,christopher lee,"['Matt Christopher, John Christopher']"
Bess Streeter Aldrich,aldrich bess streeter,['']
Jackie French Koller,french jackie koller,['']
Anthony Napoleon,anthony napoleon,['Anthony Nadalin']
Michael F. Holt,f. holt michael,['']
Warren Zimmermann,warren zimmermann,['']
Pratibha Goyal,goyal pratibha,['']
John Mace,john mace,['John Magee']
Mikhail Bulgakov,bulgakov mikhail,['']
Francis Crick,crick francis,['']
Susan Jane Gilman,gilman jane susan,['']
Lana Popovic,lana popovic,['']
Peter Knight,knight peter,['']
Joe R. Lansdale,joe lansdale r.,['']
Hilda Lewis,hilda lewis,['']
Judith Kerr,judith kerr,['']
"Dr. Ronald DeVere, MD","devere, dr. md ronald",['']
Walter C. Muenscher,c. muenscher walter,['']
Bruce Wagner,bruce wagner,['']
Lois S. Peters,lois peters s.,['']
David Moody,david moody,['']
Elmore Leonard,elmore leonard,['']
Maxwell Rosenlicht,maxwell rosenlicht,['']
Walt Whitman,walt whitman,['']
Roy B. Zuck,b. roy zuck,['']
Edmund Spenser,edmund spenser,['']
Yukio Mishima,mishima yukio,['']
Lita Epstein,epstein lita,['']
Mark Victor Hansen,hansen mark victor,['']
Neil Ardley,ardley neil,['Neil Astley']
J. William Pfeiffer,j. pfeiffer william,['']
Helen E. Fisher,e. fisher helen,['']
Bill Nichols,bill nichols,['']
Clare B. Dunkle,b. clare dunkle,['']
Okakura Kakuzo,kakuzo okakura,['']
National Audubon Society,audubon national society,['']
James Moloney,james moloney,['']
Lois Duncan,duncan lois,['']
David A. Adler,a. adler david,['']
Leopold Infeld,infeld leopold,['']
Gina Spadafori,gina spadafori,['']
Patrick J. Wall,j. patrick wall,['']
Zig Ziglar,zig ziglar,['']
Nell Wise Wechter,nell wechter wise,['']
Susan Stevens Crummel,crummel stevens susan,['']
Barry Lopez,barry lopez,['']
Beth Mayall,beth mayall,['']
Philip J. Currie,currie j. philip,['']
Jennifer Lynn Barnes,barnes jennifer lynn,['']
Hannah Holmes,hannah holmes,['']
Emily Dickinson,dickinson emily,['']
Charles R. Pellegrino,charles pellegrino r.,['']
Jonathan Bart,bart jonathan,['']
Richard K. Bernstein,bernstein k. richard,['']
Mel Boring,boring mel,['']
Matthew Linn,linn matthew,['']
Lauren Kessler,kessler lauren,['']
Carl McColman,carl mccolman,['']
Peter S. Pande,pande peter s.,['']
Christian Bok,bok christian,['']
Ted Chapin,chapin ted,['']
Wilfred Thesiger,thesiger wilfred,['']
Ann M. Martin,ann m. martin,['']
Ted J. Kaptchuk,j. kaptchuk ted,['']
John Noble,john noble,['']
Julia Barrett,barrett julia,['']
Cecilia Todeschini,cecilia todeschini,['']
A. W. Richard Sipe,a. richard sipe w.,['']
Dr. Seuss,dr. seuss,['']
Chris Metzen,chris metzen,['']
Rohinton Mistry,mistry rohinton,['']
Wally Jay,jay wally,['']
Julie Kagawa,julie kagawa,['']
John Savage,john savage,['']
Anne Frank,anne frank,['']
Beverly Cleary,beverly cleary,['']
Michael Oren Fitzgerald,fitzgerald michael oren,['']
Jennifer Armstrong,armstrong jennifer,['']
Charles Koppelman,charles koppelman,['']
Paul Harding,harding paul,['']
Arthur L. Caplan,arthur caplan l.,['']
Gina Colarelli O'Connor,colarelli gina o'connor,['']
Victor Kahn,kahn victor,['']
Charles de Secondat Montesquieu,charles de montesquieu secondat,['']
Stephen Thomas Erlewine,erlewine stephen thomas,['']
Iris Murdoch,iris murdoch,['']
Cameron Hirigoyen,cameron hirigoyen,['']
Richard Brookhiser,brookhiser richard,['']
Tom Wolfe,tom wolfe,['']
Cambridge University Press,cambridge press university,['']
Marguerite Henry,henry marguerite,['']
J.B. Phillips,j.b. phillips,['']
Ben Yagoda,ben yagoda,['']
David Weeks,david weeks,['']
Jane Rule,jane rule,['']
Patrick O'Brian,o'brian patrick,['']
Howard Clark Kee,clark howard kee,['']
Horst Keller,horst keller,['']
Sterling Watson,sterling watson,['']
Paulo Lins,lins paulo,['']
Joseph Girzone,girzone joseph,['']
Neil Z. Stern,neil stern z.,['']
Karen A. Brush,a. brush karen,['']
Christopher Kimball Bigelow,bigelow christopher kimball,['']
Georgette Heyer,georgette heyer,['']
Tor Books,books tor,['']
Frank B. Minirth,b. frank minirth,['']
John Calvin,calvin john,['Jean Calvin']
W. W. Jacobs,jacobs w. w.,['']
Robert C. Merton,c. merton robert,['Robert J. Morgan']
Tucídides,tucídides,['Thucydides']
Paul Zindel,paul zindel,['']
Lynn H. Cohick,cohick h. lynn,['']
Kathleen Alcalá,alcalá kathleen,['']
Michael Levey,levey michael,['']
Dr. Daniel L. Akin,akin daniel dr. l.,['']
Jerry S. Faughn,faughn jerry s.,['']
JJA Harwood,harwood jja,['']
Larry R. Gerlach,gerlach larry r.,['']
Edo Van Belkom,belkom edo van,['']
Bent Formby,bent formby,['']
Bodhi,bodhi,['']
John Baillie,baillie john,['']
Central European University. Dept. of Medieval Studies,central dept. european medieval of studies university.,['']
Paula Blanchard,blanchard paula,['']
David Pickering,david pickering,['']
John Daintith,daintith john,['']
Ian Serraillier,ian serraillier,['']
Gita May,gita may,['']
Norman Lewis,lewis norman,['']
Edward A. Cope,a. cope edward,['']
Arie de Geus,arie de geus,['']
Raven Kaldera,kaldera raven,['']
Barbara McEnerney,barbara mcenerney,['Barbara McKinney']
Max Lucado,lucado max,['']
Bernard Malamud,bernard malamud,['']
David Garnett,david garnett,['']
Dan Ramsey,dan ramsey,['']
Ivan Doig,doig ivan,['']
JANET DAVIS,davis janet,['']
Mary B. Morrison,b. mary morrison,['']
Matthew Fox,fox matthew,['']
Chris Fabry,chris fabry,['']
Karen Pandell,karen pandell,['']
Mark Twain,mark twain,['']
Diane Roberts,diane roberts,['']
Suzanne Enoch,enoch suzanne,['']
W. E. B. Du Bois,b. bois du e. w.,['']
Janette Oke,janette oke,['']
Donald L. Griggs,donald griggs l.,['']
Ronald J. Drez,drez j. ronald,['']
Ken Buchanan,buchanan ken,['']
Ray Pritchard,pritchard ray,['Sara Pritchard']
Leo Tolstoy,leo tolstoy,['']
John Brunner,brunner john,['']
Kay Thompson,kay thompson,['']
Otfried Preussler,otfried preussler,['']
Christina Henry,christina henry,['']
Robert Sullivan,robert sullivan,['']
Mark Casey,casey mark,['']
Charles W. Chesnutt,charles chesnutt w.,['']
Sarah Austin Jenness,austin jenness sarah,['']
Benny Morris,benny morris,['']
Fyodor Dostoevsky,dostoevsky fyodor,['Fyodor Dostoyevsky']
Terry Pratchett,pratchett terry,['']
Press Seal,press seal,['']
Oliver Caviglioli,caviglioli oliver,['']
Shirley Manson,manson shirley,['']
Les Carter,carter les,['']
Ann Brokaw Roe Robbins,ann brokaw robbins roe,['']
Joseph Conrad,conrad joseph,['']
Alfred Duggan,alfred duggan,['']
Mike Erwin,erwin mike,['']
Heather L. Shepherd,heather l. shepherd,['']
Frank J. Sulloway,frank j. sulloway,['']
Phillip Woodford,phillip woodford,['']
Gwen Bristow,bristow gwen,['']
Andrei Mikhailovsky,andrei mikhailovsky,['']
Henry David Thoreau,david henry thoreau,['']
Oscar Nierstrasz,nierstrasz oscar,['']
P. D. Ouspensky,d. ouspensky p.,['']
Michel Chion,chion michel,['Michael Chabon']
Kathleen Norris,kathleen norris,['']
Lei Xu,lei xu,['']
Eric M Bergerud,bergerud eric m,['']
M. Uyehara,m. uyehara,['']
Lee Eisenberg,eisenberg lee,['']
Sherry Argov,argov sherry,['']
Pierre Bourdieu,bourdieu pierre,['']
W. J. Wood,j. w. wood,['']
Fumon Tanaka,fumon tanaka,['']
Melody Carlson,carlson melody,['']
George Thomas,george thomas,['']
Bruce Henderson,bruce henderson,['']
Amy Fusselman,amy fusselman,['']
F. DONALD AUTOR BLOSS,autor bloss donald f.,['']
"William Strunk, Jr.","jr. strunk, william",['']
Nora Sánchez,nora sánchez,['']
Arthur Herman,arthur herman,['']
William Germano,germano william,['']
Robert Greenberger,greenberger robert,['']
Linda Crew,crew linda,['']
A. E. Housman,a. e. housman,['']
Martín Perazzo,martín perazzo,['']
Megan Sumeracki,megan sumeracki,['']
Tim Judge,judge tim,['']
Elizabeth Rolls,elizabeth rolls,['']
David Kennedy,david kennedy,['']
Midge Ellis Keeble,ellis keeble midge,['']
Konnie L. Wescott,konnie l. wescott,['']
Stanley Bing,bing stanley,['']
Todd London,london todd,['']
Humphrey Carpenter,carpenter humphrey,['']
Manny Lawton,lawton manny,['']
Daphne Du Maurier,daphne du maurier,['']
Margaret Schaus,margaret schaus,['']
Don Miguel Ruiz,don miguel ruiz,['']
Roland R. Cavanagh,cavanagh r. roland,['']
"Richard W. Hatcher, III","hatcher, iii richard w.",['']
William Raeper,raeper william,['']
Toni Hamill,hamill toni,['']
Stephanie Maze,maze stephanie,['']
Elizabeth Kuhns,elizabeth kuhns,['']
Theresa Foy DiGeronimo,digeronimo foy theresa,['']
Margaret Kennedy,kennedy margaret,['']
Michael Pye,michael pye,['']
Dan Tow,dan tow,['']
Rich Brott,brott rich,['']
James J. Duderstadt,duderstadt j. james,['']
Peter Watts,peter watts,['Peter Watson']
Vivienne Lorret,lorret vivienne,['']
J. I. Packer,i. j. packer,['']
David Sedaris,david sedaris,['']
Alexander McCall Smith,alexander mccall smith,['']
Mark P. Rice,mark p. rice,['Rice Mark P']
Mariah Stewart,mariah stewart,['']
Bride's Magazine Editors,bride's editors magazine,['']
Michelle Secic,michelle secic,['']
Scott Neustadter,neustadter scott,['']
Jon Butler,butler jon,['']
Andy Deane,andy deane,['']
Joachim Reinhardt,joachim reinhardt,['']
Immortality Institute,immortality institute,['']
Bernice Kanner,bernice kanner,['']
Robert A. Heinlein,a. heinlein robert,['Robert Anson Heinlein']
Tedd Benson,benson tedd,['']
Langston Hughes,hughes langston,['']
Victor Papanek,papanek victor,['Victor J. Papanek']
Stephen Leacock,leacock stephen,['']
David Clement-Davies,clement-davies david,['']
Rick Bass,bass rick,['']
Christy Yorke,christy yorke,['']
Ciprian M. Crainiceanu,ciprian crainiceanu m.,['']
Bernard Shaw,bernard shaw,['']
National Geographic Learning National Geographic Learning,geographic geographic learning learning national national,['']
Sunni Jeffers,jeffers sunni,['Susan Jeffers']
Nancy Taylor Rosenberg,nancy rosenberg taylor,['']
William Hodos,hodos william,['']
Joanna Frueh,frueh joanna,['']
Mason Malmuth,malmuth mason,['']
Manuel G. Velasquez,g. manuel velasquez,['']
Antoine de Saint-Exupéry,antoine de saint-exupéry,['']
Patrick D. McCarthy,d. mccarthy patrick,['']
Henry Miller,henry miller,['']
James Dunnlgan,dunnlgan james,['']
Michael Breus,breus michael,['']
David Ovason,david ovason,['']
Kel Richards,kel richards,['Ann Richards']
Richard H. Schneider,h. richard schneider,['']
Baroness Orczy,baroness orczy,['']
J. LAKSHINARASHIMAN,j. lakshinarashiman,['']
Paul Paolilli,paolilli paul,['']
Alex G. Malloy,alex g. malloy,['']
Paul Park,park paul,['']
Bernice M. Ledbetter,bernice ledbetter m.,['']
Tobias Wolff,tobias wolff,['']
staff of O'Reilly Media,media o'reilly of staff,['']
Sandra Cisneros,cisneros sandra,['']
Richard Owen Boyer,boyer owen richard,['']
Alan L. Gillen,alan gillen l.,['']
Julia Scheeres,julia scheeres,['']
Stephen King,king stephen,['']
Nicholas Wood,nicholas wood,['']
Bernice Rubens,bernice rubens,['']
Michael Laitman,laitman michael,['']
Donna Rosenthal,donna rosenthal,['']
Kenneth W. Bailey,bailey kenneth w.,['']
Jennifer Niederst Robbins,jennifer niederst robbins,['']
Astrid Lindgren,astrid lindgren,['']
Michael Benanav,benanav michael,['']
Tremper Longman III,iii longman tremper,['Tremper III Longman']
Gerald Seymour,gerald seymour,['']
Roland Green,green roland,['']
Robert Wayne Walker,robert walker wayne,['']
Lyman Frank Baum,baum frank lyman,['L. Frank Baum']
Ken Wardius,ken wardius,['']
Kevin Hemenway,hemenway kevin,['']
André Gregory,andré gregory,['']
Ananda Kentish Coomaraswamy,ananda coomaraswamy kentish,['']
Major Garrett,garrett major,['']
Paul Kidby,kidby paul,['']
Fyodor Dostoyevsky,dostoyevsky fyodor,['Fyodor Dostoevsky']
Harvey Rachlin,harvey rachlin,['']
Lisa Beamer,beamer lisa,['']
"Dan Kindlon, Ph.D.","dan kindlon, ph.d.",['']
Arnold Robbins,arnold robbins,['']
Josh Holmes,holmes josh,['']
Sue Mosher,mosher sue,['']
David Apatoff,apatoff david,['']
Elyse Singleton,elyse singleton,['']
Richard Gist,gist richard,['']
Mildred Pitts Walter,mildred pitts walter,['']
Larry Hallar,hallar larry,['']
Robert Lipsyte,lipsyte robert,['']
Tabitha Suzuma,suzuma tabitha,['']
Huston Smith,huston smith,['']
Marvin R. Wilson,marvin r. wilson,['']
Robert P. Neuman,neuman p. robert,['Robert M. Gorman']
Mary Casanova,casanova mary,['']
Nancy Chodorow,chodorow nancy,['']
Hamid Akbari,akbari hamid,['']
David R. Maidment,david maidment r.,['']
Garrett Hongo,garrett hongo,['']
Myles Munroe,munroe myles,['']
Paul Sarknas,paul sarknas,['']
Jocelyn Wills,jocelyn wills,['']
Abraham Lincoln,abraham lincoln,['']
Geoffrey Chaucer,chaucer geoffrey,['']
Gale Sayers,gale sayers,['']
F. R. Tallis,f. r. tallis,['']
Stephen R. Mandell,mandell r. stephen,['']
Robert Tallant,robert tallant,['']
Sara Pritchard,pritchard sara,['Ray Pritchard']
Randall Balmer,balmer randall,['']
Jennifer Blake,blake jennifer,['']
Geraldine O'Dowd,geraldine o'dowd,['']
Michio Kaku,kaku michio,['']
Winifred Watson,watson winifred,['']
Pamela Conn Beall,beall conn pamela,['']
Richard Marrs,marrs richard,['']
Cynthia Ploski,cynthia ploski,['']
John F. Harris,f. harris john,['']
Barbara Leaming,barbara leaming,['Barbara Seuling']
Arturo Pérez-Reverte,arturo pérez-reverte,['']
Lee Anne Phillips,anne lee phillips,['']
Woody Guthrie,guthrie woody,['']
The Navigators,navigators the,['']
Chani Lynn Feener,chani feener lynn,['']
Laura Esquivel,esquivel laura,['']
Stuart Newman,newman stuart,['']
Craig Dennis,craig dennis,['']
Bill Montague,bill montague,['']
Stephen Arroyo,arroyo stephen,['']
Jeanine Cummins,cummins jeanine,['']
Rollo May,may rollo,['']
Teresa P. R. Caldeira,caldeira p. r. teresa,['']
Bret Witter,bret witter,['']
Stanley C. Arthur,arthur c. stanley,['Stanley Clisby Arthur']
Robert W. Creamer,creamer robert w.,['']
Nora Zelevansky,nora zelevansky,['']
Francis T. Gignac,francis gignac t.,['']
Christopher Schmitt,christopher schmitt,['Matt Christopher']
Augustin Martinez,augustin martinez,['']
Dennis Linn,dennis linn,['']
Kurt Busiek,busiek kurt,['']
Jean Jacques Burlamaqui,burlamaqui jacques jean,['']
James Baldwin,baldwin james,['']
His Divine Grace A. C. Bhaktivedanta Swami Prabhupada,a. bhaktivedanta c. divine grace his prabhupada swami,['']
Tim Cooper,cooper tim,['']
Abigail Van Buren,abigail buren van,['']
Donna Andrews,andrews donna,['']
Steven J. Milloy,j. milloy steven,['']
Gabriel García Márquez,gabriel garcía márquez,['']
Warwick Pudney,pudney warwick,['']
Georges Simenon,georges simenon,['']
Leon Dash,dash leon,['']
Jean-Paul Sartre,jean-paul sartre,['']
Debra Webb,debra webb,['']
Bert Bates,bates bert,['']
Philippe Margotin,margotin philippe,['']
Karl Marx,karl marx,['']
Lene Gammelgaard,gammelgaard lene,['']
Steven G. Rogelberg,g. rogelberg steven,['']
Gary W. Gallagher,gallagher gary w.,['']
John Julius Norwich,john julius norwich,['']
Diksha Basu,basu diksha,['']
Brigitte Jordan,brigitte jordan,['']
Dale Furutani,dale furutani,['']
George O'Neill,george o'neill,['George Orwell']
Elise Primavera,elise primavera,['']
Brian R. Wright,brian r. wright,['']
Steve Robinson,robinson steve,['']
Edith Zilli,edith zilli,['']
Butler D. Shaffer,butler d. shaffer,['']
Rahim Adatia,adatia rahim,['']
L.J. Smith,l.j. smith,['']
Frederick Lewis Allen,allen frederick lewis,['']
Dan Koboldt,dan koboldt,['']
Marlys Millhiser,marlys millhiser,['']
Herbert Lockyer,herbert lockyer,['']
Adolfo Bioy Casares,adolfo bioy casares,['']
E.E. 'Doc' Smith,'doc' e.e. smith,['']
Sergeanne Golon,golon sergeanne,['']
Andrew Birkin,andrew birkin,['']
Александр Сергеевич Пушкин,александр пушкин сергеевич,['']
Suvir Saran,saran suvir,['']
Serge Demeyer,demeyer serge,['']
Mark Dever,dever mark,['']
Azar Khounani,azar khounani,['']
Jacqueline Reid-Walsh,jacqueline reid-walsh,['']
Maria Petrou,maria petrou,['']
Lee Purcell,lee purcell,['']
David Narter,david narter,['']
Caroline Angell,angell caroline,['']
Adam Smith,adam smith,['']
Jacob Y. Wilhelm Grimm,grimm jacob wilhelm y.,['']
Steve Chandler,chandler steve,['']
Spencer M. D. Johnson,d. johnson m. spencer,['']
Zaller John R,john r zaller,['John R. Zaller']
John Berger,berger john,['John Bester']
Brian Morgan,brian morgan,['']
Nawal El Saadawi,el nawal saadawi,['']
Leslie Yerkes,leslie yerkes,['']
A.M. Homes,a.m. homes,['']
Bill Hylton,bill hylton,['']
Charles E. Schaefer,charles e. schaefer,['']
Paul Copan,copan paul,['']
Sandra Marton,marton sandra,['Sandra Markle']
Oscar Wilde,oscar wilde,['']
Edgar E Robinson Professor of United States History Emeritus George M Fredrickson,e edgar emeritus fredrickson george history m of professor robinson states united,['']
Richard Danksy,danksy richard,['']
Al Switzler,al switzler,['']
Thomas A. Spies,a. spies thomas,['']
Bridget Heos,bridget heos,['']
Edward Donald Kennedy,donald edward kennedy,['']
Edgar Allan Poe,allan edgar poe,['']
Ethel Daniels Hubbard,daniels ethel hubbard,['']
Bill Pribyl,bill pribyl,['']
Charles J. Finger,charles finger j.,['']
Barbara Goldsmith,barbara goldsmith,['']
Althea Press,althea press,['']
J. Vernon McGee,j. mcgee vernon,['']
Isaac Kramnick,isaac kramnick,['']
Corey Wayne,corey wayne,['']
Jill Krementz,jill krementz,['']
Kip Gregory,gregory kip,['']
Brad Schoenfeld,brad schoenfeld,['']
Bee Lavender,bee lavender,['']
D. H. Lawrence,d. h. lawrence,['Dan H. Laurence']
Joey Rogers,joey rogers,['']
Friedrich Nietzsche,friedrich nietzsche,['']
Isabel Colegate,colegate isabel,['']
Tamara Kear,kear tamara,['']
Anthony Trollope,anthony trollope,['']
Peggy Parish,parish peggy,['']
Gore Vidal,gore vidal,['']
Andre Norton,andre norton,['']
World Bible Publishing,bible publishing world,['']
Mary Higgins Clark,clark higgins mary,['']
Linda Fry-Kenzle,fry-kenzle linda,['']
Eric R. Kandel,eric kandel r.,['']
Anna Allott,allott anna,['']
Sonja S. Teelucksingh,s. sonja teelucksingh,['']
Immanuel Wallerstein,immanuel wallerstein,['']
Craig G. Bartholomew,bartholomew craig g.,['']
Dave Earley,dave earley,['']
Tracy Montoya,montoya tracy,['']
"David Ingram, Ph.D.","david ingram, ph.d.",['']
James Madison,james madison,['']
Judith Herbst,herbst judith,['']
Sheba Blake,blake sheba,['']
Said Hyder Akbar,akbar hyder said,['']
Ryan Jones,jones ryan,['']
Steve Lawhead,lawhead steve,['']
Tony Clink,clink tony,['']
W.H.C. Bassetti,bassetti w.h.c.,['']
James Ellroy,ellroy james,['']
Harold Pinter,harold pinter,['']
Frederick Marryat,frederick marryat,['']
Elizabeth Dewberry,dewberry elizabeth,['']
Jean-Denis Bredin,bredin jean-denis,['']
Maurice Pagnucco,maurice pagnucco,['']
Aminder Dhaliwal,aminder dhaliwal,['']
Iza Trapani,iza trapani,['']
Donald De Carle,carle de donald,['']
Stan Berenstain,berenstain stan,['Jan Berenstain']
Shelly Null,null shelly,['']
"William N. Still, Jr.","jr. n. still, william",['']
M. Keith Booker,booker keith m.,['']
Charles Schulz,charles schulz,['']
Paula Fox,fox paula,['']
Samuel Hynes,hynes samuel,['']
W. K. C. Guthrie,c. guthrie k. w.,['']
Reynolds Price,price reynolds,['']
Christopher Phillips,christopher phillips,['Christopher Paolini']
Donna Hanover,donna hanover,['']
Jeremiah Burroughs,burroughs jeremiah,['']
Frank Driggs,driggs frank,['']
Seymour Reit,reit seymour,['']
Ellie Cutler,cutler ellie,['']
Gary Null,gary null,['']
Mick Brown,brown mick,['']
Ernest Hemingway,ernest hemingway,['']
T.D. Davies,davies t.d.,['E. R. Davies']
Barry Unsworth,barry unsworth,['']
Jamie Oliver,jamie oliver,['']
Colin Dexter,colin dexter,['']
A.E.J. Ogilvie,a.e.j. ogilvie,['']
John Matthews,john matthews,['']
Umberto Quattrocchi,quattrocchi umberto,['']
Jeffrey P. McManus,jeffrey mcmanus p.,['']
William I. Notz,i. notz william,"['William J. Notz, William C. Dietz']"
Nancy C. Andreasen,andreasen c. nancy,['']
Gerald Greene,gerald greene,['']
Starr Smith,smith starr,['']
Jan Karon,jan karon,['']
Walter G. Jung,g. jung walter,['']
Norma Cole,cole norma,['']
Joyce Carol Oates,carol joyce oates,['']
Fanny Burney,burney fanny,['']
Charles J. Doane,charles doane j.,['']
Douglas Ernest,douglas ernest,['']
Alok Chakrawal,alok chakrawal,['']
Library of Congress. Copyright Office,congress. copyright library of office,['']
Laurie G. Kirszner,g. kirszner laurie,['']
Samuel Henry Hooke,henry hooke samuel,['']
Anya Seton,anya seton,['']
Cressida Cowell,cowell cressida,['']
John MacArthur,john macarthur,['']
Jorge Cervantes,cervantes jorge,['']
E. B. White,b. e. white,['A. E. Waite']
Karen Rivers,karen rivers,['']
Melvin L. Silberman,l. melvin silberman,['']
Anatoly Fomenko,anatoly fomenko,['']
Richard Sennett,richard sennett,['']
Harold W. Hoehner,harold hoehner w.,['']
Stanley Green,green stanley,['']
"Will A. Hadden, III","a. hadden, iii will",['']
Ron Dunn,dunn ron,['']
Philip Rieff,philip rieff,['']
Peter Krass,krass peter,['']
Al Mayton,al mayton,['']
Roberta L. Diehl,diehl l. roberta,['']
Tricia Levenseller,levenseller tricia,['']
Paul Curry,curry paul,['']
Paul Foxman,foxman paul,['']
Steven Casey,casey steven,['']
Margaret Webster,margaret webster,['']
Charles Dickens,charles dickens,['']
Thornton W. Burgess,burgess thornton w.,['']
Karen Elizabeth Gordon,elizabeth gordon karen,['']
Tony Wood,tony wood,['']
Stuart Woods,stuart woods,['']
Mary Elizabeth O'Brien,elizabeth mary o'brien,['']
Han Nolan,han nolan,['']
David McCumber,david mccumber,['']
Bill Aguado,aguado bill,['']
Neil Astley,astley neil,['Neil Ardley']
Dan Brown,brown dan,['Dale Brown']
St. Augustine,augustine st.,['']
Denise Giardina,denise giardina,['']
John Bunyan,bunyan john,['']
Horatio Alger,alger horatio,['']
Dean Koontz,dean koontz,['']
Paul Bausch,bausch paul,['']
Sean Naylor,naylor sean,['']
Debra Frasier,debra frasier,['']
Jerry G. Dunn,dunn g. jerry,['']
Al Lacy,al lacy,['']
Mike Lew,lew mike,['Mike Lee']
Doris Lessing,doris lessing,['']
M.J. Ryan,m.j. ryan,['']
Randall,randall,['']
Larry Brown,brown larry,['']
V.C. Andrews,andrews v.c.,['']
May Mcgoldrick,may mcgoldrick,['']
Marianne Moore,marianne moore,['']
James McGovern,james mcgovern,['']
Barbara Barstow,barbara barstow,['']
Caitlin Brennan,brennan caitlin,['']
Russell D. Archibald,archibald d. russell,['']
Dave Jacke,dave jacke,['']
René Grousset,grousset rené,['']
John R. Zaller,john r. zaller,['Zaller John R']
Ellen Gould White,ellen gould white,['']
Lyn Cote,cote lyn,['']
Jeffrey K. Aronson,aronson jeffrey k.,['']
Gerald W. Clemente,clemente gerald w.,['']
Paul Mantell,mantell paul,['']
Bo Peabody,bo peabody,['']
Darrell Huff,darrell huff,['']
Nena O'Neill,nena o'neill,['']
Charles Wesley Chesterman,charles chesterman wesley,['']
Harry Smith,harry smith,['Larry Smith']
Jessie Redmon Fauset,fauset jessie redmon,['']
Fumitake Koga,fumitake koga,['']
John Seymour,john seymour,['']
Kay Mills,kay mills,['']
Cary Elwes,cary elwes,['']
Kevin Gerald,gerald kevin,['']
Hal Colebatch,colebatch hal,['']
Jana Riess,jana riess,['']
Michele Borba,borba michele,['']
James Herriot,herriot james,['']
Carol Diggory Shields,carol diggory shields,['']
Janet S. Wong,janet s. wong,['']
Raymond G. Woolfe Jr.,g. jr. raymond woolfe,['']
Joseph Devlin,devlin joseph,['']
Bles Chavez-Bernstein,bles chavez-bernstein,['']
William B. Quandt,b. quandt william,['']
Barbara Schave Klein,barbara klein schave,['']
John Lescroart,john lescroart,['']
Michelangelo Merisi da Caravaggio,caravaggio da merisi michelangelo,['']
Danny Dreyer,danny dreyer,['']
Brian Solomon,brian solomon,['']
Herbert Montfort Morais,herbert montfort morais,['']
Martin Davies,davies martin,['']
Chic Cicero,chic cicero,['']
Laura Wexler,laura wexler,['']
Robert Jordan,jordan robert,['Robert J. Morgan']
Hershel Shanks,hershel shanks,['']
Jack Vance,jack vance,['']
Edmund S. Morgan,edmund morgan s.,['']
Andrew Vladimirov,andrew vladimirov,['']
James R. Edwards,edwards james r.,['']
Jerry B. Jenkins,b. jenkins jerry,['']
Tom Pulliam,pulliam tom,['']
Gene Zelazny,gene zelazny,['']
Sarah Hopkins Bradford,bradford hopkins sarah,['']
"Michihiko Hachiya, M.D.","hachiya, m.d. michihiko",['']
Jessie Wise,jessie wise,['']
H. Norman Wright,h. norman wright,['']
Nora Lam,lam nora,['']
Marguerite Yourcenar,marguerite yourcenar,['']
Marie Hammontree,hammontree marie,['']
Kathryn Reiss,kathryn reiss,['']
Stephan Schiffman,schiffman stephan,['']
Margaret Truman,margaret truman,['']
Cambridge texts in the history of political thought,cambridge history in of political texts the thought,['']
Maya Banks,banks maya,['']
Bathroom Reader's Institute,bathroom institute reader's,['']
American College of Physicians,american college of physicians,['']
Diane Solway,diane solway,['']
Anne Matthews,anne matthews,['']
Chris Bachelder,bachelder chris,['']
Norman R. Draper,draper norman r.,['']
Joan D. Vinge,d. joan vinge,['']
Gertrude Chandler Warner,chandler gertrude warner,['']
Sylvia Townsend Warner,sylvia townsend warner,['']
Neil J. Friedman,friedman j. neil,['']
Donald Goines,donald goines,['']
Seung Sahn,sahn seung,['']
Norman Becker,becker norman,['']
Charles de Montesquieu,charles de montesquieu,['']
"Norean Wilbert, B.S.N, R.N., C.H.E.","b.s.n, c.h.e. norean r.n., wilbert,",['']
Larry Smith,larry smith,['Harry Smith']
Dandi Daley Mackall,daley dandi mackall,['']
Natasha Wing,natasha wing,['']
Elaine Sciolino,elaine sciolino,['']
Jennifer Drew,drew jennifer,['']
Mircea Eliade,eliade mircea,['']
Kenneth D. S. Lapatin,d. kenneth lapatin s.,['']
Rice Mark P,mark p rice,['Mark P. Rice']
Kristina Ohlsson,kristina ohlsson,['']
Charles Freeman,charles freeman,['']
Ali Smith,ali smith,['']
Paul G. Stoltz,g. paul stoltz,['']
Holly Black,black holly,['']
Lisa See,lisa see,['']
Hendrickson Publishers,hendrickson publishers,['']
Llewellyn Vaughan-Lee,llewellyn vaughan-lee,['']
Thomas P. Doyle,doyle p. thomas,['']
Lindsey Kelk,kelk lindsey,['']
Dave Eggers,dave eggers,['']
Wolfhart Pannenberg,pannenberg wolfhart,['']
Thomas Murrey,murrey thomas,['']
Charles Stross,charles stross,['']
Kayla Perrin,kayla perrin,['']
Daniel J. Treier,daniel j. treier,['']
Julia London,julia london,['']
Warren T. Treadgold,t. treadgold warren,['']
Daniel Woodrell,daniel woodrell,['']
Thucydides,thucydides,['Tucídides']
"B.J. (Stanford University Fogg, Stanford CA U.S.A.)","(stanford b.j. ca fogg, stanford u.s.a.) university",['']
Chuck Klosterman,chuck klosterman,['']
Jason Christopher Hartley,christopher hartley jason,['']
Robert Ruark,robert ruark,['']
Open University,open university,['']
Louise Penny,louise penny,['']
Fritz Leiber,fritz leiber,['']
Gris Grimly,grimly gris,['']
Alistair MacLean,alistair maclean,['']
John Sandford,john sandford,['']
Maria Grazia Asselle,asselle grazia maria,['']
Charles Webster Leadbeater,charles leadbeater webster,['']
Patricia C. Wrede,c. patricia wrede,['']
Susan Jeffers,jeffers susan,['Sunni Jeffers']
Bruce Caldwell,bruce caldwell,['']
James Daugherty,daugherty james,['']
Charles Trumbull,charles trumbull,['']
Tanith Lee,lee tanith,['']
Leonard A. Giuliano,a. giuliano leonard,['']
Selina Hastings,hastings selina,['']
Karla Morales,karla morales,['']
Louise Hagler,hagler louise,['']
Thomas A. Desjardin,a. desjardin thomas,['']
Gilbert Keith Chesterton,chesterton gilbert keith,['']
Professor of Anthropology and Director of the Women's Studies Program Barbara D Miller,and anthropology barbara d director miller of of professor program studies the women's,['']
"Jeff Davidson, MBA CMC","cmc davidson, jeff mba",['']
Vimala Schneider McClure,mcclure schneider vimala,['']
Aleksandra Shatskikh,aleksandra shatskikh,['']
Carl Franz,carl franz,['']
P.G. Wodehouse,p.g. wodehouse,['']
Randal L. Schwartz,l. randal schwartz,['']
Janet Morris,janet morris,['']
Satelight,satelight,['']
Gerold Siedler,gerold siedler,['']
Dave Hughes,dave hughes,['']
Sandor Marai,marai sandor,['']
William J Birnes,birnes j william,['']
Theodore S. Van Dyke,dyke s. theodore van,['']
John Bester,bester john,"['John Berger, John Forester']"
Henrik Ibsen,henrik ibsen,['']
Bryan Mellonie,bryan mellonie,['']
Aleksandar Hemon,aleksandar hemon,['']
Martin Luther,luther martin,['']
Michael R. Lindeburg,lindeburg michael r.,['']
Ian Kelly,ian kelly,['']
Wilbur Smith,smith wilbur,['Will Smith']
Wallace Stegner,stegner wallace,['']
Mary Ewing-Mulligan,ewing-mulligan mary,['']
Cornelius Ryan,cornelius ryan,['']
Keith R. A. DeCandido,a. decandido keith r.,['']
Terry Buckley,buckley terry,['']
Fred Saberhagen,fred saberhagen,['']
Ashley Spires,ashley spires,['']
Josephine Cox,cox josephine,['']
Fiona Horne,fiona horne,['']
"Josiah Bunting, III","bunting, iii josiah",['']
Gail Langer Karwoski,gail karwoski langer,['']
David Ives,david ives,['']
Afolabi A. Epega,a. afolabi epega,['']
Maria Irene Ramalho Sousa Santos,irene maria ramalho santos sousa,['']
Robert Layton,layton robert,['']
Marla Runyan,marla runyan,['']
Richard Delorme,delorme richard,['']
William B. Trattler,b. trattler william,['']
Krystal Sutherland,krystal sutherland,['']
Ralph Moody,moody ralph,['']
Zbigniew Herbert,herbert zbigniew,['']
Milorad Pavić,milorad pavić,['']
Jim Bishop,bishop jim,['']
Kathy Reichs,kathy reichs,['']
Caitlin Moran,caitlin moran,['']
Millman Dan,dan millman,['']
MaryJanice Davidson,davidson maryjanice,['']
Laurent Bouzereau,bouzereau laurent,['']
Douglas Adams,adams douglas,['']
Christopher Davies,christopher davies,['']
Dave R. Palmer,dave palmer r.,['']
Christopher J. Alberts,alberts christopher j.,['']
Ruth Rosen,rosen ruth,['']
Li Gong,gong li,['']
George Francis Dow,dow francis george,['']
Tom House,house tom,['']
Barb Wardius,barb wardius,['']
Sara Donati,donati sara,['']
Richard J. Jensen,j. jensen richard,['']
Louise Beech,beech louise,['']
John Lewis Gaddis,gaddis john lewis,['']
David R. Keller,david keller r.,['']
Jason Gordon,gordon jason,['']
Warren W. Wiersbe,w. warren wiersbe,['']
Beverly Brandt,beverly brandt,['']
Dorothy L. Sayers,dorothy l. sayers,['Dorothy Leigh Sayers']
Rowan Coleman,coleman rowan,['']
Dennis Love,dennis love,['']
Howard Roger Garis,garis howard roger,['']
Giorgio Vasari,giorgio vasari,['']
Stephen J. Stein,j. stein stephen,['Stephen M. Stahl']
Gary Paulsen,gary paulsen,['']
Nelson Algren,algren nelson,['']
Brendan DuBois,brendan dubois,['']
Ann W. Lawson,ann lawson w.,['']
Cameron Dokey,cameron dokey,['']
Robert Spector,robert spector,['']
Brian M. Stableford,brian m. stableford,['']
Tom Williams,tom williams,['Jim Williams']
Stacy Brown,brown stacy,['']
Michelle Sagara,michelle sagara,['']
Sigmund Freud,freud sigmund,['']
Katharine Lee Bates,bates katharine lee,['']
The People's Medical Society,medical people's society the,['']
Isabella Noble,isabella noble,['']
Naomi Miller,miller naomi,['']
Mahmood Mamdani,mahmood mamdani,['']
Linda Edwards,edwards linda,['']
Stanley Hauerwas,hauerwas stanley,['']
Catherine Burns,burns catherine,['']
Erle Stanley Gardner,erle gardner stanley,['']
Joshua Gamson,gamson joshua,['']
Mark Elliott,elliott mark,['']
Celce-Murcia,celce-murcia,['']
Irina Tweedie,irina tweedie,['']
Kaye Gibbons,gibbons kaye,['']
J¢zsef Laszlovszky,j¢zsef laszlovszky,['']
Edward Dolnick,dolnick edward,['']
William Crawford,crawford william,['William Bradford']
The Fix-It Club,club fix-it the,['']
Carolyn Bronstein,bronstein carolyn,['']
Lauren Willig,lauren willig,['']
Jane Austen,austen jane,['']
Virginia Easley DeMarce,demarce easley virginia,['']
Malcolm Andrew,andrew malcolm,['']
Henry Marsh,henry marsh,['']
Bernard Bailyn,bailyn bernard,['']
I. B. Tauris,b. i. tauris,['']
John Crowley,crowley john,['John Creasey']
Barbara Allen,allen barbara,['']
Louise Rebraca Shives,louise rebraca shives,['']
John Presti,john presti,['']
Harry Mazer,harry mazer,['']
Bradley Mayhew,bradley mayhew,['']
A. H. Benjamin,a. benjamin h.,['']
David Eddings,david eddings,['']
Jay Neugeboren,jay neugeboren,['']
Willie G. Davidson,davidson g. willie,['']
Jonna Mendez,jonna mendez,['']
Mary Dageforde,dageforde mary,['']
Steven R. Perkins,perkins r. steven,['']
Greg Johanson,greg johanson,['']
James Andrew Miller,andrew james miller,['']
Robert Timberg,robert timberg,['']
Philip Nel,nel philip,['']
Albert Camus,albert camus,['']
Donald J. Kagay,donald j. kagay,['']
Vicki Pitman,pitman vicki,['']
Errol Trzebinski,errol trzebinski,['']
Michael T. Klare,klare michael t.,['']
M. C. Beaton,beaton c. m.,['']
Carol Thomas Neely,carol neely thomas,['']
Richard Roach,richard roach,['Richard Rohr']
Letitia Baldrige,baldrige letitia,['']
Stephen Mitchell,mitchell stephen,['']
Hal H. Harrison,h. hal harrison,['']
Thomas Edward Lawrence,edward lawrence thomas,['']
Ishmael Reed,ishmael reed,['']
Fran McCullough,fran mccullough,['']
Barbara Campbell,barbara campbell,['Barbara Hambly']
Robert W. Bly,bly robert w.,['']
Marilyn Roy,marilyn roy,['']
Alan Dean Foster,alan dean foster,['']
Yaakov Chaikin,chaikin yaakov,['']
Derrick Jensen,derrick jensen,['']
Barbara Allen Bogart,allen barbara bogart,['']
Viki King,king viki,['']
John Katzenbach,john katzenbach,['']
William Garrett Piston,garrett piston william,['']
Peter Hessler,hessler peter,['']
Robert Westall,robert westall,['']
Will Smith,smith will,['Wilbur Smith']
Donald B. Johnson,b. donald johnson,['']
Leonard Gershe,gershe leonard,['']
SRINIVASAN M. SIVAKUMAR,m. sivakumar srinivasan,['']
Anton Chekhov,anton chekhov,['']
Joseph Slate,joseph slate,['']
Zhi Gang Sha,gang sha zhi,['']
Rumer Godden,godden rumer,['']
P. R. Reid,p. r. reid,['']
Robert Pinsky,pinsky robert,['']
Sharon Creech,creech sharon,['']
Karl F. Kuhn,f. karl kuhn,['']
Ronald Brachman,brachman ronald,['']
Johnny Gruelle,gruelle johnny,['']
Pam Pollack,pam pollack,['']
Adrienne Kennedy,adrienne kennedy,['']
Robert Michael Pyle,michael pyle robert,['']
Guy de Maupassant,de guy maupassant,['']
Thomas Troward,thomas troward,['Thomas Woodward']
"Jennifer A. Parks, Ph.D.","a. jennifer parks, ph.d.",['']
Daniel McCrohan,daniel mccrohan,['']
Claude Brown,brown claude,['']
R. F. Delderfield,delderfield f. r.,['']
Debby Buchanan,buchanan debby,['']
Ernest L. Thayer,ernest l. thayer,['']
Delphine Hirsh,delphine hirsh,['']
Kate Tellers,kate tellers,['']
Robin Mather,mather robin,['']
Morgan Llywelyn,llywelyn morgan,['']
Arnold Bennett,arnold bennett,['']
Larry King,king larry,['']
Helena Hunting,helena hunting,['']
Paul N. Benware,benware n. paul,['']
Sylvia Andrew,andrew sylvia,['']
Connally Gilliam,connally gilliam,['']
"Textile Museum (Washington, D.C.)","(washington, d.c.) museum textile",['']
I. King,i. king,['']
Tim F. LaHaye,f. lahaye tim,['Tim LaHaye']
Lawrence Watt-Evans,lawrence watt-evans,['']
Nancy Ellen Abrams,abrams ellen nancy,['']
Maureen McKade,maureen mckade,['']
Basil Johnston,basil johnston,['']
Harold Bloom,bloom harold,['']
Diana Deutsch,deutsch diana,['']
Stephen M. Stahl,m. stahl stephen,['Stephen J. Stein']
Ruth Axtell Morren,axtell morren ruth,['']
David Boehi,boehi david,['']
Mercedes Lackey,lackey mercedes,['']
Erin Beaty,beaty erin,['']
Haruki Murakami,haruki murakami,['']
Joe Bindloss,bindloss joe,['']
Mollie Foster,foster mollie,['']
Helen Hoover,helen hoover,['']
Emma Dorothy Eliza Nevitte Southworth,dorothy eliza emma nevitte southworth,['']
Rose Levy Beranbaum,beranbaum levy rose,['']
Richard Boyer,boyer richard,['Richard Overy']
Jim Grimsley,grimsley jim,['']
N. Gregory Mankiw,gregory mankiw n.,['']
N. K. Stouffer,k. n. stouffer,['']
Ursula Hegi,hegi ursula,['']
Anthony Nadalin,anthony nadalin,['Anthony Napoleon']
Justine Larbalestier,justine larbalestier,['']
Diane Barker,barker diane,['']
Kimberly Brubaker Bradley,bradley brubaker kimberly,['']
Evelyn Waugh,evelyn waugh,['']
Madeleine Wickham,madeleine wickham,['']
Milan Kundera,kundera milan,['']
Ed McCarthy,ed mccarthy,['Erin McCarthy']
Linda Lee,lee linda,['']
Donald Lepore,donald lepore,['']
Dorothy Leigh Sayers,dorothy leigh sayers,['Dorothy L. Sayers']
Tricia Goyer,goyer tricia,['']
Robert McCloskey,mccloskey robert,['']
Eric S. Nylund,eric nylund s.,['']
David Wenham,david wenham,['']
Alexander Beiner,alexander beiner,['']
José Saramago,josé saramago,['']
Torey Hayden,hayden torey,['']
Leslie Dendy,dendy leslie,['']
Clare Donoghue,clare donoghue,['']
Elizabeth Bowen,bowen elizabeth,['']
Dylan Thomas,dylan thomas,['']
Vasily Grossman,grossman vasily,['']
Ulrich Plenzdorf,plenzdorf ulrich,['']
Charles B. Inlander,b. charles inlander,['']
Ingrid Carlberg,carlberg ingrid,['']
The Detection Club,club detection the,['']
Perry Deane Young,deane perry young,['']
Byron D. Tapley,byron d. tapley,['']
Alasdair Gray,alasdair gray,['']
Jerry Spinelli,jerry spinelli,['']
Julia Cameron,cameron julia,['']
"Chester E. Finn, Jr.","chester e. finn, jr.",['']
Louise Erdrich,erdrich louise,['']
"Sloan, Bill","bill sloan,",['']
Randall Kennedy,kennedy randall,['']
Karen Judson,judson karen,['']
Richard Pipes,pipes richard,['']
James D. Howard,d. howard james,['']
Louis Berkhof,berkhof louis,['']
Aurelius Augustinus (Saint),(saint) augustinus aurelius,['']
Victoria E. Bynum,bynum e. victoria,['']
Eric Flint,eric flint,['']
Frances Ridley Havergal,frances havergal ridley,['']
S. M. Hulse,hulse m. s.,['']
Brock Thoene,brock thoene,['']
Brian M. Edwards,brian edwards m.,['']
Marti Olsen Laney,laney marti olsen,['']
H Hunting,h hunting,['']
Maria Fire,fire maria,['']
Charlie Scott,charlie scott,['']
Trevor Norton,norton trevor,['']
Robert Bevan,bevan robert,['']
George F. Bishop,bishop f. george,['']
Basil Pennington,basil pennington,['']
Ramin Ganeshram,ganeshram ramin,['']
Fridtjof Nansen,fridtjof nansen,['']
George Abbott-Smith,abbott-smith george,['']
Richard Rohr,richard rohr,['Richard Roach']
Tony Judt,judt tony,['']
Ruth Thomson,ruth thomson,['']
Anne Rice,anne rice,['']
Eric Toensmeier,eric toensmeier,['']
Charles B. Anlander,anlander b. charles,['']
Susan J. Rosowski,j. rosowski susan,['']
Bill Bryson,bill bryson,['']
Michelle Hanson,hanson michelle,['']
Patricia Cornwell,cornwell patricia,['']
Richard Hollis,hollis richard,['']
A. J. Ryder,a. j. ryder,['']
Melissa Joan Hart,hart joan melissa,['']
Georges Renaud,georges renaud,['']
Muriel Spark,muriel spark,['']
"Ellen Shanley, RD, CD-N, MBA","cd-n, ellen mba rd, shanley,",['']
Steve Tomecek,steve tomecek,['']
Robert D. SaintLaurent,d. robert saintlaurent,['']
Kathy Sierra,kathy sierra,['']
Frank Damazio,damazio frank,['']
Nancy Luenn,luenn nancy,['']
Teresa Medeiros,medeiros teresa,['']
Sandra Riley,riley sandra,['']
Mary Lyn Ray,lyn mary ray,['']
Belva Plain,belva plain,['']
Tannin Schwartzstein,schwartzstein tannin,['']
Robert Ludlum,ludlum robert,['']
Anne Rampling,anne rampling,['']
Ronald Waldron,ronald waldron,['']
Debra Quatermain,debra quatermain,['']
Peter Andrew Sacco,andrew peter sacco,['']
Leslie B. Flynn,b. flynn leslie,['']
Mykel Board,board mykel,['']
Graeme Goldsworthy,goldsworthy graeme,['']
John Forester,forester john,['John Bester']
Jack Canfield,canfield jack,['']
Walter Hurst,hurst walter,['']
Juval Löwy,juval löwy,['']
Betty Kirke,betty kirke,['']
J. Christopher Herold,christopher herold j.,['']
Bill Klein,bill klein,['']
Katrina Repka,katrina repka,['']
Lauralee Summer,lauralee summer,['']
Stephanie Lyness,lyness stephanie,['Stephanie Laurens']
Tom Brokaw,brokaw tom,['']
Daisy Goodwin,daisy goodwin,['']
Tom Cowan,cowan tom,['']
Caroline Greene,caroline greene,['']
John Gardner,gardner john,['Lyn Gardner']
William E. Merritt,e. merritt william,['']
Tremper III Longman,iii longman tremper,['Tremper Longman III']
Nora Roberts,nora roberts,['']
Joanna Lacy,joanna lacy,['']
Dick Sternberg,dick sternberg,['']
Steven Foster,foster steven,['']
Leonard Bloomfield,bloomfield leonard,['']
J.J. Chambliss,chambliss j.j.,['']
Herb Fagen,fagen herb,['']
Richard Viladesau,richard viladesau,['']
Oscar Marius Nierstrasz,marius nierstrasz oscar,['']
Pamela Horn,horn pamela,['']
Kurt Vonnegut,kurt vonnegut,['']
Lawrence G. Lovasik,g. lawrence lovasik,['']
Jean-Jacques Rousseau,jean-jacques rousseau,['']
Whitley Strieber,strieber whitley,['']
Thomas Allen Lang,allen lang thomas,['']
B.J. Fogg,b.j. fogg,['']
North American Fishing Club,american club fishing north,['']
K.R. Briffa,briffa k.r.,['']
Kim Topley,kim topley,['']
Richard Bach,bach richard,['']
Keith Lee Morris,keith lee morris,['']
Frank Zappa,frank zappa,['']
Liz Greene,greene liz,['']
C. S. Lewis,c. lewis s.,['']
Paul Louis Metzger,louis metzger paul,['']
Stephen E. Ambrose,ambrose e. stephen,['']
Sarah J. Maas,j. maas sarah,['']
John Arquilla,arquilla john,['']
Herbert Asbury,asbury herbert,['']
Val McDermid,mcdermid val,['']
Morbus Iff,iff morbus,['']
Lynda Durrant,durrant lynda,['']
John Alec Baker,alec baker john,['']
Will Shortz,shortz will,['']
Sidney Sheldon,sheldon sidney,['']
Sarah Churchwell,churchwell sarah,['']
Michael A. Fligner,a. fligner michael,['']
Rebecca,rebecca,['']
Joann Sfar,joann sfar,['']
Mark W. Mehrer,mark mehrer w.,['']
F. Geoffrey Herring,f. geoffrey herring,['']
Leisha Kelly,kelly leisha,['']
Gerald R. Ph.D. McDermott,gerald mcdermott ph.d. r.,['']
Kari Ronning,kari ronning,['']
Susan Ring,ring susan,['']
Mike Mason,mason mike,['']
Anne Golon,anne golon,['']
D. H. Stamatis,d. h. stamatis,['']
Debbie Stoller,debbie stoller,['']
Nalo Hopkinson,hopkinson nalo,['']
Russell Miller,miller russell,['']
J G Ballard,ballard g j,['']
Laurie Sheck,laurie sheck,['']
Yakov Fain,fain yakov,['']
Richard Hightower,hightower richard,['']
Kou Fumizuki,fumizuki kou,['']
Dorie N. Van Stone,dorie n. stone van,['']
H. Jackson Brown,brown h. jackson,['']
Jeffrey Archer,archer jeffrey,['']
Walt Thurn,thurn walt,['']
Taras Grescoe,grescoe taras,['']
Lorenzo Albacete,albacete lorenzo,['']
L. Frank Baum,baum frank l.,['Lyman Frank Baum']
Christopher Froehlich,christopher froehlich,['']
Lon Schleining,lon schleining,['']
Libba Moore Gray,gray libba moore,['']
Scott Ballew,ballew scott,['']
Charles de Lint,charles de lint,['']
Raymond A. Serway,a. raymond serway,['']
Ronnie O'Sullivan,o'sullivan ronnie,['']
Ellen Stoll Walsh,ellen stoll walsh,['']
Markus Voelter,markus voelter,['']
Carol A. Wiley,a. carol wiley,['']
Justin Richards,justin richards,['']
Nikos Kazantzakis,kazantzakis nikos,['']
Alain Ducasse,alain ducasse,['']
R. Laurence Moore,laurence moore r.,['Robert Laurence Moore']
Catherine Gayle,catherine gayle,['']
John Gould,gould john,['']
Jim Kokoris,jim kokoris,['']
Heather McHugh,heather mchugh,['']
Diane Duane,diane duane,['']
Jean Stafford,jean stafford,['']
Friedrich Schiller,friedrich schiller,['']
Professor Physics Laboratory J F Nye,f j laboratory nye physics professor,['']
Louis de Bernieres,bernieres de louis,['']
Jared Diamond,diamond jared,['']
Robert B. Parker,b. parker robert,['Robert B Parker']
Jeff Strong,jeff strong,['']
Gary Lawson,gary lawson,['']
Barbara Hambly,barbara hambly,['Barbara Campbell']
Maxie Dunnam,dunnam maxie,['']
Flora Parsa Stay,flora parsa stay,['']
Gary Ferguson,ferguson gary,['']
Yale University C Vann Woodward,c university vann woodward yale,['']
Terry Eagleton,eagleton terry,['']
Michael Dunne Healy,dunne healy michael,['']
Eric Foner,eric foner,['']
Evan Marshall,evan marshall,['']
Robert M. Gorman,gorman m. robert,['Robert P. Neuman']
Sonia Choquette,choquette sonia,['']
Rita Barisse,barisse rita,['']
Jan L. Harrington,harrington jan l.,['']
Anne Perry,anne perry,['']
Chuck Haddix,chuck haddix,['']
Lindsay Harrison,harrison lindsay,['']
Charles Darwin,charles darwin,['']
Robert van Gulik,gulik robert van,['Robert Hans van Gulik']
N. T. Wright,n. t. wright,['']
Si Spencer,si spencer,['']
Lonnette Parks,lonnette parks,['']
Wanda Gág,gág wanda,['']
C. H. Spurgeon,c. h. spurgeon,['']
Robert Forczyk,forczyk robert,['']
Joan Hess,hess joan,['']
Gary Ellison,ellison gary,['']
Ovid Wallace Eshbach,eshbach ovid wallace,['']
Lan Jiang,jiang lan,['']
Bob Blaisdell,blaisdell bob,['']
Peter Mark Roget,mark peter roget,['']
Jim Gigliotti,gigliotti jim,['']
Mark Olshaker,mark olshaker,['']
Grant Wacker,grant wacker,['']
Arthur Conan Doyle,arthur conan doyle,['Sir Arthur Conan Doyle']
Edward B. Marks,b. edward marks,['']
Rob Woods,rob woods,['']
Robert J. Bensley,bensley j. robert,['']
Colette,colette,['']
Theresa Romain,romain theresa,['']
Harry Pidgeon,harry pidgeon,['']
Carson McCullers,carson mccullers,['']
Robert Hough,hough robert,['']
Rob Walker,rob walker,['']
Peter Dale Scott,dale peter scott,['']
Bill McCarty,bill mccarty,['']
Joseph Henry Jackson,henry jackson joseph,['']
John Ross,john ross,['']
Kenneth Cloke,cloke kenneth,['']
Judith Fitzgerald,fitzgerald judith,['']
Oletta Wald,oletta wald,['']
Dennis Freeborn,dennis freeborn,['']
Linda Sue Park,linda park sue,['']
David Hajdu,david hajdu,['']
Nuel Emmons,emmons nuel,['']
Victor M. Linoff,linoff m. victor,['']
C. Robert Cargill,c. cargill robert,['']
Paul Davids,davids paul,['']
Paul R. Clancy,clancy paul r.,['']
Chris Kinsman,chris kinsman,['']
R. T. France,france r. t.,['']
Kieran Long,kieran long,['']
Thomas H. Naylor,h. naylor thomas,['']
Sylvia Browne,browne sylvia,['']
David C. Greenhalgh,c. david greenhalgh,['']
R. William Thomas,r. thomas william,['']
James Hilton,hilton james,['']
Marvin Mondlin,marvin mondlin,['']
David Feldman,david feldman,['David Lehman']
Jan Johnson-Smith,jan johnson-smith,['']
Stuart Butler,butler stuart,['']
Jonathan London,jonathan london,['']
Christopher Hampton,christopher hampton,['']
Ivan Damjanov,damjanov ivan,['']
Jacques Ellul,ellul jacques,['']
Bruce Eric Kaplan,bruce eric kaplan,['']
David Crystal,crystal david,['']
Douglas Fink,douglas fink,['']
Jean Giono,giono jean,['']
Ichiro Kishimi,ichiro kishimi,['']
Karsten Harries,harries karsten,['']
Martha Grimes,grimes martha,['']
Jodi Picoult,jodi picoult,['']
Larry Niven,larry niven,['']
Peter Harries-Jones,harries-jones peter,['']
Lindsay Brown,brown lindsay,['']
Trent Holden,holden trent,['']
Diego A. Sosa Sosa,a. diego sosa sosa,['']
Alf Hiltebeitel,alf hiltebeitel,['']
Yoko Ono,ono yoko,['']
Patrick F. McManus,f. mcmanus patrick,['']
David Hatcher Childress,childress david hatcher,['']
Roger Zelazny,roger zelazny,['']
T. S. Eliot,eliot s. t.,['']
Lan-Ahn Dang,dang lan-ahn,['']
Martin Lloyd-Williams,lloyd-williams martin,['']
Jeanne Lemlin,jeanne lemlin,['']
Dave Barry,barry dave,['']
Louise Fitzhugh,fitzhugh louise,['']
Ethel C. Utter,c. ethel utter,['']
Jack Higgins,higgins jack,['']
Danielle Steel,danielle steel,['']
Pat Brisson,brisson pat,['']
Ellen Kay Trimberger,ellen kay trimberger,['']
Alastair Reynolds,alastair reynolds,['']
Donald Bamer,bamer donald,['Donald R. Bamer']
Henry George Liddell,george henry liddell,['']
Anne Carson,anne carson,['']
David C. Douglas,c. david douglas,['']
Albert M. Wolters,albert m. wolters,['']
Coleman Barks,barks coleman,['']
Victoria O'Connor,o'connor victoria,['']
Michael Chabon,chabon michael,['Michel Chion']
Theo Koupelis,koupelis theo,['']
Marjorie Calvert,calvert marjorie,['Marjorie Garber']
Stefan Draminski,draminski stefan,['']
G. K. Chesterton,chesterton g. k.,['']
Various,various,['']
Raymond Fox,fox raymond,['']
Robert B Parker,b parker robert,['Robert B. Parker']
Mary-Jane Schneider,mary-jane schneider,['']
Wallace Wang,wallace wang,['']
John C. Mitchell,c. john mitchell,['']
R. Kearney,kearney r.,['']
Tom Birdseye,birdseye tom,['']
Harry W. Schaumburg,harry schaumburg w.,['']
Robin Robertson,robertson robin,['']
Ellen Dugan,dugan ellen,['']
William Shakespeare,shakespeare william,['']
J. Peter Bruzzese,bruzzese j. peter,['']
George Campbell Huchet de Kernion,campbell de george huchet kernion,['']
"Michael Thompson, PhD","michael phd thompson,",['']
Aesop,aesop,['']
Costas Petrou,costas petrou,['']
Alejandro Zambra,alejandro zambra,['']
David R. Bunch,bunch david r.,['']
Thomas Chastain,chastain thomas,['']
Timothy White,timothy white,['']
Archie Kalokerinos,archie kalokerinos,['']
David Ronfeldt,david ronfeldt,['']
John Keegan,john keegan,['']
Franklin W. Dixon,dixon franklin w.,['']
Michael Moorcock,michael moorcock,['']
Elizabeth Lluch,elizabeth lluch,['']
John Dufresne,dufresne john,['']
Margaret Van Sicklen,margaret sicklen van,['']
Carl Gordon Olson,carl gordon olson,['']
David Lehman,david lehman,['David Feldman']
Mike Wooldridge,mike wooldridge,['Linda Wooldridge']
John Dickson Carr,carr dickson john,['']
Mark F. Sohn,f. mark sohn,['']
Peter Watson,peter watson,['Peter Watts']
J. A. Jance,a. j. jance,['']
Patrick Chan,chan patrick,['']
Randy Roberts,randy roberts,['']
Michael Hofmann,hofmann michael,['']
Charles MacKay,charles mackay,['']
David Gerrold,david gerrold,['']
Ruth A. Sonneborn,a. ruth sonneborn,['']
Thomas Lucier,lucier thomas,['']
Todd Klein,klein todd,['']
Richard Pellegrino,pellegrino richard,['']
Douglas J. Brewer,brewer douglas j.,['']
Waqas Ahmed,ahmed waqas,['']
James Lee Burke,burke james lee,['']
Jacob Boas,boas jacob,['']
Amie Kaufman,amie kaufman,['']
J. Peder Zane,j. peder zane,['']
Frank Asch,asch frank,['']
Kim Newman,kim newman,['']
Claire Fuller,claire fuller,['']
Joan Bello,bello joan,['']
Mark Little,little mark,['']
M. Christian,christian m.,['']
Bette Greene,bette greene,['']
John Wesley Barker,barker john wesley,['']
Francine Hornberger,francine hornberger,['']
Visalia Stock Saddle Co,co saddle stock visalia,['']
Kathleen Dalton,dalton kathleen,['']
Rolf Gates,gates rolf,['']
Amy Bach,amy bach,['']
Amy Schwartz,amy schwartz,['']
Kate White,kate white,['']
William W. Johnstone,johnstone w. william,['William Johnston']
Barbara Seuling,barbara seuling,['Barbara Leaming']
Kenneth Carpenter,carpenter kenneth,['']
Nathan McCall,mccall nathan,['']
Peter Gatrell,gatrell peter,['']
Thavolia Glymph,glymph thavolia,['']
R. M. Youngson,m. r. youngson,['']
N. J. Lindquist,j. lindquist n.,['']
Mark Chiarello,chiarello mark,['']
"Kogent Learning Solutions Inc.,","inc., kogent learning solutions",['']
Mark D. White,d. mark white,['']
Robert Heller,heller robert,['']
White Wolf Game Studio,game studio white wolf,['']
Geerhardus Vos,geerhardus vos,['']
William Keith Chambers Guthrie,chambers guthrie keith william,['']
Frank B. Golley,b. frank golley,['']
Mike Lee,lee mike,['Mike Lew']
Laurie Sue Brockway,brockway laurie sue,['']
Dale Rolfsen,dale rolfsen,['']
Beth Gutcheon,beth gutcheon,['']
Yvonne M. Maes,m. maes yvonne,['']
Dana Hines,dana hines,['']
Julie Interrante,interrante julie,['']
Roy Hession,hession roy,['']
William Johnston,johnston william,['William W. Johnstone']
Cecilia Dart-Thornton,cecilia dart-thornton,['']
Patrick Spielman,patrick spielman,['']
Ed McBain,ed mcbain,['']
Jane Yolen,jane yolen,['']
Elizabeth Kolbert,elizabeth kolbert,['']
Jerry Pournelle,jerry pournelle,['']
Hilary Mantel,hilary mantel,['']
Krzysztof Apt,apt krzysztof,['']
Jean Plaidy,jean plaidy,['']
You-Ping Zhu,you-ping zhu,['']
Jon Fasman,fasman jon,['']
Edward Allen,allen edward,['Edward Abbey']
William Faulkner,faulkner william,['']
Faith H. Swanson,faith h. swanson,['']
C. E. B. Cranfield,b. c. cranfield e.,['']
Fred Donald Bloss,bloss donald fred,['']
Simon Cozens,cozens simon,['']
Tess Gerritsen,gerritsen tess,['']
Patrick K. Watson,k. patrick watson,['']
Zadie Smith,smith zadie,['']
Lin Oliver,lin oliver,['']
Aeterna Press,aeterna press,['']
Nathaniel Philbrick,nathaniel philbrick,['']
David Karp,david karp,['']
Joseph Grenny,grenny joseph,['']
F. Isabel Campoy,campoy f. isabel,['']
Ellen MacGregor,ellen macgregor,['']
Tiana Bighorse,bighorse tiana,['']
Robert Blanchard,blanchard robert,['']
Sandra Markle,markle sandra,['Sandra Marton']
Kenman L. Wong,kenman l. wong,['']
Morgan D. Jones,d. jones morgan,['']
Al Silverman,al silverman,['Mel Silberman']
James P. Hogan,hogan james p.,['']
Diana J. Mukpo,diana j. mukpo,['']
LeRoy Eims,eims leroy,['']
Vicente Huidobro,huidobro vicente,['']
Laura Resnick,laura resnick,['']
Lauren Gail Berlant,berlant gail lauren,['']
Bernd Heinrich,bernd heinrich,['']
Frederick William Faber,faber frederick william,['']
Brenda Quinn,brenda quinn,['']
Oliver Sacks,oliver sacks,['']
Nawāl as- Saʿdāwī,as- nawāl saʿdāwī,['']
Randy Alcorn,alcorn randy,['']
Farley Mowat,farley mowat,['']
Wolf Leslau,leslau wolf,['']
Alvin J. Schmidt,alvin j. schmidt,['']
Laurence Sterne,laurence sterne,['']
Jorge Amado,amado jorge,['']
Lynne Gentry,gentry lynne,['Gentry Lee']
Lai-wan Chan,chan lai-wan,['']
Everett Ferguson,everett ferguson,['']
Arthur Miller,arthur miller,['']
Ray Bradbury,bradbury ray,['']
Elaine Showalter,elaine showalter,['']
Phyllis Reynolds Naylor,naylor phyllis reynolds,['']
Thomas Woodward,thomas woodward,['Thomas Troward']
Richard Leifer,leifer richard,['']
Louis M. Savary,louis m. savary,['']
Ernst Cassirer,cassirer ernst,['']
Spencer Johnson,johnson spencer,['']
Adrian Goldsworthy,adrian goldsworthy,['']
Norm Phelps,norm phelps,['']
David A. Yallop,a. david yallop,['']
Tom Shales,shales tom,['']
Mel Odom,mel odom,['']
Albert Hibbert,albert hibbert,['']
Ross Bernstein,bernstein ross,['']
John Okell,john okell,['']
Professor of Economic History Peter Gatrell,economic gatrell history of peter professor,['']
Mark Twight,mark twight,['']
Sally Bedell Smith,bedell sally smith,['']
Brian Sibley,brian sibley,['']
"Management Association, Information Resources","association, information management resources",['']
Peter Urban,peter urban,['']
Lee H. Whittlesey,h. lee whittlesey,['']
Richard Hofstadter,hofstadter richard,['']
Anton Myrer,anton myrer,['']
Elizabeth Jean McMillian,elizabeth jean mcmillian,['']
Mike Carey,carey mike,['Mike Casey']
Robert Louis Stevenson,louis robert stevenson,['']
Brian Yarvin,brian yarvin,['']
Reginald Hill,hill reginald,['']
Scott Hahn,hahn scott,['']
Debbie Reynolds,debbie reynolds,['']
Dorothy B. Hughes,b. dorothy hughes,['']
Devin Asch,asch devin,['']
David P. Jordan,david jordan p.,['']
Kimberla Lawson Roby,kimberla lawson roby,['']
Peter van der Linden,der linden peter van,['']
Marty Eck,eck marty,['']
Robert Laurence Moore,laurence moore robert,['R. Laurence Moore']
Jim Jinkins,jim jinkins,['']
Ronald S. Kurtz,kurtz ronald s.,['']
John Wenzel,john wenzel,['']
Dragos-Anton Manolescu,dragos-anton manolescu,['']
Kenneth Grahame,grahame kenneth,['']
Ian Small,ian small,['']
James Joyce,james joyce,['']
Studs Terkel,studs terkel,['']
